"","symbol","date","price"
"1","RSXFSN",1992-01-01,130683
"2","RSXFSN",1992-02-01,131244
"3","RSXFSN",1992-03-01,142488
"4","RSXFSN",1992-04-01,147175
"5","RSXFSN",1992-05-01,152420
"6","RSXFSN",1992-06-01,151849
"7","RSXFSN",1992-07-01,152586
"8","RSXFSN",1992-08-01,152476
"9","RSXFSN",1992-09-01,148158
"10","RSXFSN",1992-10-01,155987
"11","RSXFSN",1992-11-01,154824
"12","RSXFSN",1992-12-01,191347
"13","RSXFSN",1993-01-01,137020
"14","RSXFSN",1993-02-01,134462
"15","RSXFSN",1993-03-01,153025
"16","RSXFSN",1993-04-01,158615
"17","RSXFSN",1993-05-01,163519
"18","RSXFSN",1993-06-01,162964
"19","RSXFSN",1993-07-01,164590
"20","RSXFSN",1993-08-01,163989
"21","RSXFSN",1993-09-01,159298
"22","RSXFSN",1993-10-01,163992
"23","RSXFSN",1993-11-01,169980
"24","RSXFSN",1993-12-01,206174
"25","RSXFSN",1994-01-01,145276
"26","RSXFSN",1994-02-01,146332
"27","RSXFSN",1994-03-01,173562
"28","RSXFSN",1994-04-01,170795
"29","RSXFSN",1994-05-01,175527
"30","RSXFSN",1994-06-01,178509
"31","RSXFSN",1994-07-01,173198
"32","RSXFSN",1994-08-01,182445
"33","RSXFSN",1994-09-01,175128
"34","RSXFSN",1994-10-01,178642
"35","RSXFSN",1994-11-01,184272
"36","RSXFSN",1994-12-01,221549
"37","RSXFSN",1995-01-01,158004
"38","RSXFSN",1995-02-01,155156
"39","RSXFSN",1995-03-01,181910
"40","RSXFSN",1995-04-01,176635
"41","RSXFSN",1995-05-01,190269
"42","RSXFSN",1995-06-01,191609
"43","RSXFSN",1995-07-01,182909
"44","RSXFSN",1995-08-01,193370
"45","RSXFSN",1995-09-01,182521
"46","RSXFSN",1995-10-01,184276
"47","RSXFSN",1995-11-01,193405
"48","RSXFSN",1995-12-01,227552
"49","RSXFSN",1996-01-01,167372
"50","RSXFSN",1996-02-01,173941
"51","RSXFSN",1996-03-01,191851
"52","RSXFSN",1996-04-01,191886
"53","RSXFSN",1996-05-01,205797
"54","RSXFSN",1996-06-01,196842
"55","RSXFSN",1996-07-01,197140
"56","RSXFSN",1996-08-01,204270
"57","RSXFSN",1996-09-01,189424
"58","RSXFSN",1996-10-01,201927
"59","RSXFSN",1996-11-01,203621
"60","RSXFSN",1996-12-01,237478
"61","RSXFSN",1997-01-01,181073
"62","RSXFSN",1997-02-01,178428
"63","RSXFSN",1997-03-01,203750
"64","RSXFSN",1997-04-01,199219
"65","RSXFSN",1997-05-01,211516
"66","RSXFSN",1997-06-01,205491
"67","RSXFSN",1997-07-01,208856
"68","RSXFSN",1997-08-01,211952
"69","RSXFSN",1997-09-01,201415
"70","RSXFSN",1997-10-01,210145
"71","RSXFSN",1997-11-01,207533
"72","RSXFSN",1997-12-01,249389
"73","RSXFSN",1998-01-01,187445
"74","RSXFSN",1998-02-01,183767
"75","RSXFSN",1998-03-01,207973
"76","RSXFSN",1998-04-01,212262
"77","RSXFSN",1998-05-01,221155
"78","RSXFSN",1998-06-01,220867
"79","RSXFSN",1998-07-01,217687
"80","RSXFSN",1998-08-01,216605
"81","RSXFSN",1998-09-01,208915
"82","RSXFSN",1998-10-01,220499
"83","RSXFSN",1998-11-01,218969
"84","RSXFSN",1998-12-01,265618
"85","RSXFSN",1999-01-01,196810
"86","RSXFSN",1999-02-01,199451
"87","RSXFSN",1999-03-01,230230
"88","RSXFSN",1999-04-01,227109
"89","RSXFSN",1999-05-01,237462
"90","RSXFSN",1999-06-01,236830
"91","RSXFSN",1999-07-01,236992
"92","RSXFSN",1999-08-01,240478
"93","RSXFSN",1999-09-01,230665
"94","RSXFSN",1999-10-01,233193
"95","RSXFSN",1999-11-01,240857
"96","RSXFSN",1999-12-01,293013
"97","RSXFSN",2000-01-01,213709
"98","RSXFSN",2000-02-01,227087
"99","RSXFSN",2000-03-01,253717
"100","RSXFSN",2000-04-01,239051
"101","RSXFSN",2000-05-01,257581
"102","RSXFSN",2000-06-01,255066
"103","RSXFSN",2000-07-01,244445
"104","RSXFSN",2000-08-01,257487
"105","RSXFSN",2000-09-01,243624
"106","RSXFSN",2000-10-01,245167
"107","RSXFSN",2000-11-01,252145
"108","RSXFSN",2000-12-01,294197
"109","RSXFSN",2001-01-01,226791
"110","RSXFSN",2001-02-01,223971
"111","RSXFSN",2001-03-01,253439
"112","RSXFSN",2001-04-01,249062
"113","RSXFSN",2001-05-01,268658
"114","RSXFSN",2001-06-01,260315
"115","RSXFSN",2001-07-01,251504
"116","RSXFSN",2001-08-01,266460
"117","RSXFSN",2001-09-01,236210
"118","RSXFSN",2001-10-01,265188
"119","RSXFSN",2001-11-01,262004
"120","RSXFSN",2001-12-01,298666
"121","RSXFSN",2002-01-01,230546
"122","RSXFSN",2002-02-01,228084
"123","RSXFSN",2002-03-01,257133
"124","RSXFSN",2002-04-01,257357
"125","RSXFSN",2002-05-01,271682
"126","RSXFSN",2002-06-01,260385
"127","RSXFSN",2002-07-01,266795
"128","RSXFSN",2002-08-01,277716
"129","RSXFSN",2002-09-01,246350
"130","RSXFSN",2002-10-01,259945
"131","RSXFSN",2002-11-01,263738
"132","RSXFSN",2002-12-01,308821
"133","RSXFSN",2003-01-01,242271
"134","RSXFSN",2003-02-01,233478
"135","RSXFSN",2003-03-01,264532
"136","RSXFSN",2003-04-01,265990
"137","RSXFSN",2003-05-01,281482
"138","RSXFSN",2003-06-01,271242
"139","RSXFSN",2003-07-01,279323
"140","RSXFSN",2003-08-01,285212
"141","RSXFSN",2003-09-01,265331
"142","RSXFSN",2003-10-01,273781
"143","RSXFSN",2003-11-01,272396
"144","RSXFSN",2003-12-01,327693
"145","RSXFSN",2004-01-01,252818
"146","RSXFSN",2004-02-01,253689
"147","RSXFSN",2004-03-01,287944
"148","RSXFSN",2004-04-01,284325
"149","RSXFSN",2004-05-01,296253
"150","RSXFSN",2004-06-01,289664
"151","RSXFSN",2004-07-01,294875
"152","RSXFSN",2004-08-01,294133
"153","RSXFSN",2004-09-01,282974
"154","RSXFSN",2004-10-01,287468
"155","RSXFSN",2004-11-01,294278
"156","RSXFSN",2004-12-01,354627
"157","RSXFSN",2005-01-01,263469
"158","RSXFSN",2005-02-01,265320
"159","RSXFSN",2005-03-01,306384
"160","RSXFSN",2005-04-01,302054
"161","RSXFSN",2005-05-01,311292
"162","RSXFSN",2005-06-01,317375
"163","RSXFSN",2005-07-01,316887
"164","RSXFSN",2005-08-01,321409
"165","RSXFSN",2005-09-01,300439
"166","RSXFSN",2005-10-01,302213
"167","RSXFSN",2005-11-01,311715
"168","RSXFSN",2005-12-01,370726
"169","RSXFSN",2006-01-01,286152
"170","RSXFSN",2006-02-01,282417
"171","RSXFSN",2006-03-01,326153
"172","RSXFSN",2006-04-01,316526
"173","RSXFSN",2006-05-01,337393
"174","RSXFSN",2006-06-01,330844
"175","RSXFSN",2006-07-01,325905
"176","RSXFSN",2006-08-01,339155
"177","RSXFSN",2006-09-01,310775
"178","RSXFSN",2006-10-01,312976
"179","RSXFSN",2006-11-01,323089
"180","RSXFSN",2006-12-01,380188
"181","RSXFSN",2007-01-01,295284
"182","RSXFSN",2007-02-01,290065
"183","RSXFSN",2007-03-01,335917
"184","RSXFSN",2007-04-01,321981
"185","RSXFSN",2007-05-01,353201
"186","RSXFSN",2007-06-01,338189
"187","RSXFSN",2007-07-01,333815
"188","RSXFSN",2007-08-01,349191
"189","RSXFSN",2007-09-01,317145
"190","RSXFSN",2007-10-01,331073
"191","RSXFSN",2007-11-01,341848
"192","RSXFSN",2007-12-01,387473
"193","RSXFSN",2008-01-01,307576
"194","RSXFSN",2008-02-01,308171
"195","RSXFSN",2008-03-01,334416
"196","RSXFSN",2008-04-01,331002
"197","RSXFSN",2008-05-01,357277
"198","RSXFSN",2008-06-01,339791
"199","RSXFSN",2008-07-01,344158
"200","RSXFSN",2008-08-01,342443
"201","RSXFSN",2008-09-01,313308
"202","RSXFSN",2008-10-01,311422
"203","RSXFSN",2008-11-01,299238
"204","RSXFSN",2008-12-01,346513
"205","RSXFSN",2009-01-01,273998
"206","RSXFSN",2009-02-01,264465
"207","RSXFSN",2009-03-01,290068
"208","RSXFSN",2009-04-01,292041
"209","RSXFSN",2009-05-01,307481
"210","RSXFSN",2009-06-01,306050
"211","RSXFSN",2009-07-01,308847
"212","RSXFSN",2009-08-01,314505
"213","RSXFSN",2009-09-01,288071
"214","RSXFSN",2009-10-01,300360
"215","RSXFSN",2009-11-01,303850
"216","RSXFSN",2009-12-01,362735
"217","RSXFSN",2010-01-01,279044
"218","RSXFSN",2010-02-01,275566
"219","RSXFSN",2010-03-01,321305
"220","RSXFSN",2010-04-01,316940
"221","RSXFSN",2010-05-01,324820
"222","RSXFSN",2010-06-01,319183
"223","RSXFSN",2010-07-01,320915
"224","RSXFSN",2010-08-01,322319
"225","RSXFSN",2010-09-01,307638
"226","RSXFSN",2010-10-01,315059
"227","RSXFSN",2010-11-01,328381
"228","RSXFSN",2010-12-01,386878
"229","RSXFSN",2011-01-01,298626
"230","RSXFSN",2011-02-01,299920
"231","RSXFSN",2011-03-01,345052
"232","RSXFSN",2011-04-01,339014
"233","RSXFSN",2011-05-01,348979
"234","RSXFSN",2011-06-01,346620
"235","RSXFSN",2011-07-01,341381
"236","RSXFSN",2011-08-01,352224
"237","RSXFSN",2011-09-01,333642
"238","RSXFSN",2011-10-01,337067
"239","RSXFSN",2011-11-01,351517
"240","RSXFSN",2011-12-01,408910
"241","RSXFSN",2012-01-01,315540
"242","RSXFSN",2012-02-01,331470
"243","RSXFSN",2012-03-01,368502
"244","RSXFSN",2012-04-01,349194
"245","RSXFSN",2012-05-01,373129
"246","RSXFSN",2012-06-01,356083
"247","RSXFSN",2012-07-01,351520
"248","RSXFSN",2012-08-01,372986
"249","RSXFSN",2012-09-01,342582
"250","RSXFSN",2012-10-01,355823
"251","RSXFSN",2012-11-01,368593
"252","RSXFSN",2012-12-01,416807
"253","RSXFSN",2013-01-01,333694
"254","RSXFSN",2013-02-01,332481
"255","RSXFSN",2013-03-01,374159
"256","RSXFSN",2013-04-01,362965
"257","RSXFSN",2013-05-01,389674
"258","RSXFSN",2013-06-01,369316
"259","RSXFSN",2013-07-01,376970
"260","RSXFSN",2013-08-01,388221
"261","RSXFSN",2013-09-01,352673
"262","RSXFSN",2013-10-01,369777
"263","RSXFSN",2013-11-01,378685
"264","RSXFSN",2013-12-01,430568
"265","RSXFSN",2014-01-01,340473
"266","RSXFSN",2014-02-01,337480
"267","RSXFSN",2014-03-01,383559
"268","RSXFSN",2014-04-01,383818
"269","RSXFSN",2014-05-01,408282
"270","RSXFSN",2014-06-01,385475
"271","RSXFSN",2014-07-01,394691
"272","RSXFSN",2014-08-01,401439
"273","RSXFSN",2014-09-01,374398
"274","RSXFSN",2014-10-01,388387
"275","RSXFSN",2014-11-01,391483
"276","RSXFSN",2014-12-01,451076
"277","RSXFSN",2015-01-01,350291
"278","RSXFSN",2015-02-01,341828
"279","RSXFSN",2015-03-01,393094
"280","RSXFSN",2015-04-01,387358
"281","RSXFSN",2015-05-01,409453
"282","RSXFSN",2015-06-01,397809
"283","RSXFSN",2015-07-01,406550
"284","RSXFSN",2015-08-01,404923
"285","RSXFSN",2015-09-01,381996
"286","RSXFSN",2015-10-01,392602
"287","RSXFSN",2015-11-01,396067
"288","RSXFSN",2015-12-01,464014
"289","RSXFSN",2016-01-01,351787
"290","RSXFSN",2016-02-01,363543
"291","RSXFSN",2016-03-01,405012
"292","RSXFSN",2016-04-01,394764
"293","RSXFSN",2016-05-01,413059
"294","RSXFSN",2016-06-01,410100
"295","RSXFSN",2016-07-01,406013
"296","RSXFSN",2016-08-01,416538
"297","RSXFSN",2016-09-01,394237
"298","RSXFSN",2016-10-01,397425
"299","RSXFSN",2016-11-01,413933
"300","RSXFSN",2016-12-01,482011
"301","RSXFSN",2017-01-01,369102
"302","RSXFSN",2017-02-01,365610
"303","RSXFSN",2017-03-01,423016
"304","RSXFSN",2017-04-01,407256
"305","RSXFSN",2017-05-01,434511
"306","RSXFSN",2017-06-01,423071
"307","RSXFSN",2017-07-01,416908
"308","RSXFSN",2017-08-01,431797
"309","RSXFSN",2017-09-01,412522
"310","RSXFSN",2017-10-01,417753
"311","RSXFSN",2017-11-01,441923
"312","RSXFSN",2017-12-01,496745
"313","RSXFSN",2018-01-01,389703
"314","RSXFSN",2018-02-01,380562
"315","RSXFSN",2018-03-01,444873
"316","RSXFSN",2018-04-01,420099
"317","RSXFSN",2018-05-01,464101
"318","RSXFSN",2018-06-01,443603
"319","RSXFSN",2018-07-01,441604
"320","RSXFSN",2018-08-01,455946
"321","RSXFSN",2018-09-01,417072
"322","RSXFSN",2018-10-01,441746
"323","RSXFSN",2018-11-01,459172
"324","RSXFSN",2018-12-01,493167
"325","RSXFSN",2019-01-01,398783
"326","RSXFSN",2019-02-01,384243
"327","RSXFSN",2019-03-01,446272
"328","RSXFSN",2019-04-01,441878
"329","RSXFSN",2019-05-01,474963
"330","RSXFSN",2019-06-01,447578
"331","RSXFSN",2019-07-01,461010
"332","RSXFSN",2019-08-01,472517
"333","RSXFSN",2019-09-01,428241
"334","RSXFSN",2019-10-01,454941
"335","RSXFSN",2019-11-01,467189
"336","RSXFSN",2019-12-01,518979
"337","RSXFSN",2020-01-01,417123
"338","RSXFSN",2020-02-01,413923
"339","RSXFSN",2020-03-01,426258
"340","RSXFSN",2020-04-01,376867
"341","RSXFSN",2020-05-01,461785
"342","RSXFSN",2020-06-01,479784
"343","RSXFSN",2020-07-01,492689
"344","RSXFSN",2020-08-01,487325
"345","RSXFSN",2020-09-01,474038
"346","RSXFSN",2020-10-01,493601
"347","RSXFSN",2020-11-01,490941
"348","RSXFSN",2020-12-01,557696
"349","RSXFSN",2021-01-01,461308
"350","RSXFSN",2021-02-01,437031
"351","RSXFSN",2021-03-01,560218
"352","RSXFSN",2021-04-01,554269
"353","RSXFSN",2021-05-01,565177
"354","RSXFSN",2021-06-01,557446
"355","RSXFSN",2021-07-01,552179
"356","RSXFSN",2021-08-01,550169
"357","RSXFSN",2021-09-01,529133
"358","RSXFSN",2021-10-01,553588
"359","RSXFSN",2021-11-01,574978
"360","RSXFSN",2021-12-01,627113
"361","RSXFSN",2022-01-01,516923
"362","RSXFSN",2022-02-01,507901
"363","RSXFSN",2022-03-01,598541
"364","RSXFSN",2022-04-01,596690
"365","RSXFSN",2022-05-01,616626
"366","RSXFSN",2022-06-01,609743
"367","RSXFSN",2022-07-01,599929
"368","RSXFSN",2022-08-01,613508
"369","RSXFSN",2022-09-01,577966
"370","RSXFSN",2022-10-01,597170
"371","RSXFSN",2022-11-01,605205
"372","RSXFSN",2022-12-01,654825
"373","RSXFSN",2023-01-01,547156
"374","RSXFSN",2023-02-01,529374
"375","RSXFSN",2023-03-01,604084
"376","RSXFSN",2023-04-01,588220
"377","RSXFSN",2023-05-01,631496
"378","RSXFSN",2023-06-01,612243
"379","RSXFSN",2023-07-01,605403
"380","RSXFSN",2023-08-01,628192
"381","RSXFSN",2023-09-01,593695
"382","RSXFSN",2023-10-01,606718
"383","RSXFSN",2023-11-01,623010
"384","RSXFSN",2023-12-01,672967
"385","RSXFSN",2024-01-01,554784
"386","GDPC1",1990-01-01,10047.386
"387","GDPC1",1990-04-01,10083.855
"388","GDPC1",1990-07-01,10090.569
"389","GDPC1",1990-10-01,9998.704
"390","GDPC1",1991-01-01,9951.916
"391","GDPC1",1991-04-01,10029.51
"392","GDPC1",1991-07-01,10080.195
"393","GDPC1",1991-10-01,10115.329
"394","GDPC1",1992-01-01,10236.435
"395","GDPC1",1992-04-01,10347.429
"396","GDPC1",1992-07-01,10449.673
"397","GDPC1",1992-10-01,10558.648
"398","GDPC1",1993-01-01,10576.275
"399","GDPC1",1993-04-01,10637.847
"400","GDPC1",1993-07-01,10688.606
"401","GDPC1",1993-10-01,10833.987
"402","GDPC1",1994-01-01,10939.116
"403","GDPC1",1994-04-01,11087.361
"404","GDPC1",1994-07-01,11152.176
"405","GDPC1",1994-10-01,11279.932
"406","GDPC1",1995-01-01,11319.951
"407","GDPC1",1995-04-01,11353.721
"408","GDPC1",1995-07-01,11450.31
"409","GDPC1",1995-10-01,11528.067
"410","GDPC1",1996-01-01,11614.418
"411","GDPC1",1996-04-01,11808.14
"412","GDPC1",1996-07-01,11914.063
"413","GDPC1",1996-10-01,12037.775
"414","GDPC1",1997-01-01,12115.472
"415","GDPC1",1997-04-01,12317.221
"416","GDPC1",1997-07-01,12471.01
"417","GDPC1",1997-10-01,12577.495
"418","GDPC1",1998-01-01,12703.742
"419","GDPC1",1998-04-01,12821.339
"420","GDPC1",1998-07-01,12982.752
"421","GDPC1",1998-10-01,13191.67
"422","GDPC1",1999-01-01,13315.597
"423","GDPC1",1999-04-01,13426.748
"424","GDPC1",1999-07-01,13604.771
"425","GDPC1",1999-10-01,13827.98
"426","GDPC1",2000-01-01,13878.147
"427","GDPC1",2000-04-01,14130.908
"428","GDPC1",2000-07-01,14145.312
"429","GDPC1",2000-10-01,14229.765
"430","GDPC1",2001-01-01,14183.12
"431","GDPC1",2001-04-01,14271.694
"432","GDPC1",2001-07-01,14214.516
"433","GDPC1",2001-10-01,14253.574
"434","GDPC1",2002-01-01,14372.785
"435","GDPC1",2002-04-01,14460.848
"436","GDPC1",2002-07-01,14519.633
"437","GDPC1",2002-10-01,14537.58
"438","GDPC1",2003-01-01,14614.141
"439","GDPC1",2003-04-01,14743.567
"440","GDPC1",2003-07-01,14988.782
"441","GDPC1",2003-10-01,15162.76
"442","GDPC1",2004-01-01,15248.68
"443","GDPC1",2004-04-01,15366.85
"444","GDPC1",2004-07-01,15512.619
"445","GDPC1",2004-10-01,15670.88
"446","GDPC1",2005-01-01,15844.727
"447","GDPC1",2005-04-01,15922.782
"448","GDPC1",2005-07-01,16047.587
"449","GDPC1",2005-10-01,16136.734
"450","GDPC1",2006-01-01,16353.835
"451","GDPC1",2006-04-01,16396.151
"452","GDPC1",2006-07-01,16420.738
"453","GDPC1",2006-10-01,16561.866
"454","GDPC1",2007-01-01,16611.69
"455","GDPC1",2007-04-01,16713.314
"456","GDPC1",2007-07-01,16809.587
"457","GDPC1",2007-10-01,16915.191
"458","GDPC1",2008-01-01,16843.003
"459","GDPC1",2008-04-01,16943.291
"460","GDPC1",2008-07-01,16854.295
"461","GDPC1",2008-10-01,16485.35
"462","GDPC1",2009-01-01,16298.262
"463","GDPC1",2009-04-01,16269.145
"464","GDPC1",2009-07-01,16326.281
"465","GDPC1",2009-10-01,16502.754
"466","GDPC1",2010-01-01,16582.71
"467","GDPC1",2010-04-01,16743.162
"468","GDPC1",2010-07-01,16872.266
"469","GDPC1",2010-10-01,16960.864
"470","GDPC1",2011-01-01,16920.632
"471","GDPC1",2011-04-01,17035.114
"472","GDPC1",2011-07-01,17031.313
"473","GDPC1",2011-10-01,17222.583
"474","GDPC1",2012-01-01,17367.01
"475","GDPC1",2012-04-01,17444.525
"476","GDPC1",2012-07-01,17469.65
"477","GDPC1",2012-10-01,17489.852
"478","GDPC1",2013-01-01,17662.4
"479","GDPC1",2013-04-01,17709.671
"480","GDPC1",2013-07-01,17860.45
"481","GDPC1",2013-10-01,18016.147
"482","GDPC1",2014-01-01,17953.974
"483","GDPC1",2014-04-01,18185.911
"484","GDPC1",2014-07-01,18406.941
"485","GDPC1",2014-10-01,18500.031
"486","GDPC1",2015-01-01,18666.621
"487","GDPC1",2015-04-01,18782.243
"488","GDPC1",2015-07-01,18857.418
"489","GDPC1",2015-10-01,18892.206
"490","GDPC1",2016-01-01,19001.69
"491","GDPC1",2016-04-01,19062.709
"492","GDPC1",2016-07-01,19197.938
"493","GDPC1",2016-10-01,19304.352
"494","GDPC1",2017-01-01,19398.343
"495","GDPC1",2017-04-01,19506.949
"496","GDPC1",2017-07-01,19660.766
"497","GDPC1",2017-10-01,19882.352
"498","GDPC1",2018-01-01,20044.077
"499","GDPC1",2018-04-01,20150.476
"500","GDPC1",2018-07-01,20276.154
"501","GDPC1",2018-10-01,20304.874
"502","GDPC1",2019-01-01,20415.15
"503","GDPC1",2019-04-01,20584.528
"504","GDPC1",2019-07-01,20817.581
"505","GDPC1",2019-10-01,20951.088
"506","GDPC1",2020-01-01,20665.553
"507","GDPC1",2020-04-01,19034.83
"508","GDPC1",2020-07-01,20511.785
"509","GDPC1",2020-10-01,20724.128
"510","GDPC1",2021-01-01,20990.541
"511","GDPC1",2021-04-01,21309.544
"512","GDPC1",2021-07-01,21483.083
"513","GDPC1",2021-10-01,21847.602
"514","GDPC1",2022-01-01,21738.871
"515","GDPC1",2022-04-01,21708.16
"516","GDPC1",2022-07-01,21851.134
"517","GDPC1",2022-10-01,21989.981
"518","GDPC1",2023-01-01,22112.329
"519","GDPC1",2023-04-01,22225.35
"520","GDPC1",2023-07-01,22490.692
"521","GDPC1",2023-10-01,22668.986
"522","ICSA",1990-01-06,355000
"523","ICSA",1990-01-13,369000
"524","ICSA",1990-01-20,375000
"525","ICSA",1990-01-27,345000
"526","ICSA",1990-02-03,368000
"527","ICSA",1990-02-10,367000
"528","ICSA",1990-02-17,348000
"529","ICSA",1990-02-24,350000
"530","ICSA",1990-03-03,351000
"531","ICSA",1990-03-10,349000
"532","ICSA",1990-03-17,349000
"533","ICSA",1990-03-24,331000
"534","ICSA",1990-03-31,346000
"535","ICSA",1990-04-07,367000
"536","ICSA",1990-04-14,357000
"537","ICSA",1990-04-21,360000
"538","ICSA",1990-04-28,363000
"539","ICSA",1990-05-05,354000
"540","ICSA",1990-05-12,355000
"541","ICSA",1990-05-19,353000
"542","ICSA",1990-05-26,359000
"543","ICSA",1990-06-02,368000
"544","ICSA",1990-06-09,359000
"545","ICSA",1990-06-16,359000
"546","ICSA",1990-06-23,362000
"547","ICSA",1990-06-30,364000
"548","ICSA",1990-07-07,362000
"549","ICSA",1990-07-14,367000
"550","ICSA",1990-07-21,370000
"551","ICSA",1990-07-28,369000
"552","ICSA",1990-08-04,369000
"553","ICSA",1990-08-11,381000
"554","ICSA",1990-08-18,393000
"555","ICSA",1990-08-25,394000
"556","ICSA",1990-09-01,392000
"557","ICSA",1990-09-08,390000
"558","ICSA",1990-09-15,395000
"559","ICSA",1990-09-22,389000
"560","ICSA",1990-09-29,404000
"561","ICSA",1990-10-06,404000
"562","ICSA",1990-10-13,422000
"563","ICSA",1990-10-20,435000
"564","ICSA",1990-10-27,440000
"565","ICSA",1990-11-03,430000
"566","ICSA",1990-11-10,448000
"567","ICSA",1990-11-17,447000
"568","ICSA",1990-11-24,462000
"569","ICSA",1990-12-01,451000
"570","ICSA",1990-12-08,449000
"571","ICSA",1990-12-15,447000
"572","ICSA",1990-12-22,474000
"573","ICSA",1990-12-29,454000
"574","ICSA",1991-01-05,415000
"575","ICSA",1991-01-12,437000
"576","ICSA",1991-01-19,445000
"577","ICSA",1991-01-26,462000
"578","ICSA",1991-02-02,483000
"579","ICSA",1991-02-09,480000
"580","ICSA",1991-02-16,474000
"581","ICSA",1991-02-23,499000
"582","ICSA",1991-03-02,488000
"583","ICSA",1991-03-09,499000
"584","ICSA",1991-03-16,498000
"585","ICSA",1991-03-23,509000
"586","ICSA",1991-03-30,499000
"587","ICSA",1991-04-06,452000
"588","ICSA",1991-04-13,477000
"589","ICSA",1991-04-20,478000
"590","ICSA",1991-04-27,462000
"591","ICSA",1991-05-04,451000
"592","ICSA",1991-05-11,446000
"593","ICSA",1991-05-18,448000
"594","ICSA",1991-05-25,443000
"595","ICSA",1991-06-01,432000
"596","ICSA",1991-06-08,441000
"597","ICSA",1991-06-15,429000
"598","ICSA",1991-06-22,423000
"599","ICSA",1991-06-29,418000
"600","ICSA",1991-07-06,422000
"601","ICSA",1991-07-13,420000
"602","ICSA",1991-07-20,408000
"603","ICSA",1991-07-27,423000
"604","ICSA",1991-08-03,438000
"605","ICSA",1991-08-10,437000
"606","ICSA",1991-08-17,433000
"607","ICSA",1991-08-24,425000
"608","ICSA",1991-08-31,425000
"609","ICSA",1991-09-07,424000
"610","ICSA",1991-09-14,418000
"611","ICSA",1991-09-21,419000
"612","ICSA",1991-09-28,437000
"613","ICSA",1991-10-05,424000
"614","ICSA",1991-10-12,425000
"615","ICSA",1991-10-19,419000
"616","ICSA",1991-10-26,423000
"617","ICSA",1991-11-02,447000
"618","ICSA",1991-11-09,453000
"619","ICSA",1991-11-16,439000
"620","ICSA",1991-11-23,444000
"621","ICSA",1991-11-30,444000
"622","ICSA",1991-12-07,475000
"623","ICSA",1991-12-14,475000
"624","ICSA",1991-12-21,436000
"625","ICSA",1991-12-28,441000
"626","ICSA",1992-01-04,432000
"627","ICSA",1992-01-11,440000
"628","ICSA",1992-01-18,443000
"629","ICSA",1992-01-25,441000
"630","ICSA",1992-02-01,440000
"631","ICSA",1992-02-08,445000
"632","ICSA",1992-02-15,446000
"633","ICSA",1992-02-22,436000
"634","ICSA",1992-02-29,444000
"635","ICSA",1992-03-07,421000
"636","ICSA",1992-03-14,437000
"637","ICSA",1992-03-21,440000
"638","ICSA",1992-03-28,420000
"639","ICSA",1992-04-04,412000
"640","ICSA",1992-04-11,413000
"641","ICSA",1992-04-18,424000
"642","ICSA",1992-04-25,424000
"643","ICSA",1992-05-02,431000
"644","ICSA",1992-05-09,417000
"645","ICSA",1992-05-16,414000
"646","ICSA",1992-05-23,414000
"647","ICSA",1992-05-30,411000
"648","ICSA",1992-06-06,416000
"649","ICSA",1992-06-13,420000
"650","ICSA",1992-06-20,419000
"651","ICSA",1992-06-27,420000
"652","ICSA",1992-07-04,407000
"653","ICSA",1992-07-11,408000
"654","ICSA",1992-07-18,392000
"655","ICSA",1992-07-25,564000
"656","ICSA",1992-08-01,423000
"657","ICSA",1992-08-08,406000
"658","ICSA",1992-08-15,401000
"659","ICSA",1992-08-22,398000
"660","ICSA",1992-08-29,408000
"661","ICSA",1992-09-05,416000
"662","ICSA",1992-09-12,416000
"663","ICSA",1992-09-19,427000
"664","ICSA",1992-09-26,409000
"665","ICSA",1992-10-03,398000
"666","ICSA",1992-10-10,374000
"667","ICSA",1992-10-17,385000
"668","ICSA",1992-10-24,367000
"669","ICSA",1992-10-31,365000
"670","ICSA",1992-11-07,374000
"671","ICSA",1992-11-14,377000
"672","ICSA",1992-11-21,357000
"673","ICSA",1992-11-28,341000
"674","ICSA",1992-12-05,350000
"675","ICSA",1992-12-12,359000
"676","ICSA",1992-12-19,334000
"677","ICSA",1992-12-26,313000
"678","ICSA",1993-01-02,341000
"679","ICSA",1993-01-09,354000
"680","ICSA",1993-01-16,352000
"681","ICSA",1993-01-23,341000
"682","ICSA",1993-01-30,340000
"683","ICSA",1993-02-06,319000
"684","ICSA",1993-02-13,321000
"685","ICSA",1993-02-20,351000
"686","ICSA",1993-02-27,362000
"687","ICSA",1993-03-06,354000
"688","ICSA",1993-03-13,346000
"689","ICSA",1993-03-20,338000
"690","ICSA",1993-03-27,366000
"691","ICSA",1993-04-03,365000
"692","ICSA",1993-04-10,353000
"693","ICSA",1993-04-17,351000
"694","ICSA",1993-04-24,350000
"695","ICSA",1993-05-01,343000
"696","ICSA",1993-05-08,339000
"697","ICSA",1993-05-15,345000
"698","ICSA",1993-05-22,342000
"699","ICSA",1993-05-29,349000
"700","ICSA",1993-06-05,343000
"701","ICSA",1993-06-12,343000
"702","ICSA",1993-06-19,345000
"703","ICSA",1993-06-26,340000
"704","ICSA",1993-07-03,334000
"705","ICSA",1993-07-10,314000
"706","ICSA",1993-07-17,335000
"707","ICSA",1993-07-24,415000
"708","ICSA",1993-07-31,356000
"709","ICSA",1993-08-07,346000
"710","ICSA",1993-08-14,339000
"711","ICSA",1993-08-21,342000
"712","ICSA",1993-08-28,337000
"713","ICSA",1993-09-04,334000
"714","ICSA",1993-09-11,333000
"715","ICSA",1993-09-18,346000
"716","ICSA",1993-09-25,343000
"717","ICSA",1993-10-02,333000
"718","ICSA",1993-10-09,355000
"719","ICSA",1993-10-16,359000
"720","ICSA",1993-10-23,354000
"721","ICSA",1993-10-30,348000
"722","ICSA",1993-11-06,350000
"723","ICSA",1993-11-13,341000
"724","ICSA",1993-11-20,336000
"725","ICSA",1993-11-27,337000
"726","ICSA",1993-12-04,337000
"727","ICSA",1993-12-11,334000
"728","ICSA",1993-12-18,331000
"729","ICSA",1993-12-25,290000
"730","ICSA",1994-01-01,341000
"731","ICSA",1994-01-08,343000
"732","ICSA",1994-01-15,355000
"733","ICSA",1994-01-22,351000
"734","ICSA",1994-01-29,406000
"735","ICSA",1994-02-05,361000
"736","ICSA",1994-02-12,354000
"737","ICSA",1994-02-19,352000
"738","ICSA",1994-02-26,327000
"739","ICSA",1994-03-05,348000
"740","ICSA",1994-03-12,341000
"741","ICSA",1994-03-19,332000
"742","ICSA",1994-03-26,322000
"743","ICSA",1994-04-02,342000
"744","ICSA",1994-04-09,349000
"745","ICSA",1994-04-16,354000
"746","ICSA",1994-04-23,331000
"747","ICSA",1994-04-30,344000
"748","ICSA",1994-05-07,371000
"749","ICSA",1994-05-14,360000
"750","ICSA",1994-05-21,357000
"751","ICSA",1994-05-28,348000
"752","ICSA",1994-06-04,345000
"753","ICSA",1994-06-11,338000
"754","ICSA",1994-06-18,336000
"755","ICSA",1994-06-25,341000
"756","ICSA",1994-07-02,334000
"757","ICSA",1994-07-09,341000
"758","ICSA",1994-07-16,359000
"759","ICSA",1994-07-23,345000
"760","ICSA",1994-07-30,332000
"761","ICSA",1994-08-06,338000
"762","ICSA",1994-08-13,335000
"763","ICSA",1994-08-20,331000
"764","ICSA",1994-08-27,341000
"765","ICSA",1994-09-03,339000
"766","ICSA",1994-09-10,331000
"767","ICSA",1994-09-17,326000
"768","ICSA",1994-09-24,325000
"769","ICSA",1994-10-01,330000
"770","ICSA",1994-10-08,341000
"771","ICSA",1994-10-15,335000
"772","ICSA",1994-10-22,330000
"773","ICSA",1994-10-29,331000
"774","ICSA",1994-11-05,328000
"775","ICSA",1994-11-12,329000
"776","ICSA",1994-11-19,326000
"777","ICSA",1994-11-26,329000
"778","ICSA",1994-12-03,324000
"779","ICSA",1994-12-10,329000
"780","ICSA",1994-12-17,330000
"781","ICSA",1994-12-24,314000
"782","ICSA",1994-12-31,319000
"783","ICSA",1995-01-07,338000
"784","ICSA",1995-01-14,347000
"785","ICSA",1995-01-21,325000
"786","ICSA",1995-01-28,324000
"787","ICSA",1995-02-04,324000
"788","ICSA",1995-02-11,348000
"789","ICSA",1995-02-18,343000
"790","ICSA",1995-02-25,336000
"791","ICSA",1995-03-04,339000
"792","ICSA",1995-03-11,347000
"793","ICSA",1995-03-18,343000
"794","ICSA",1995-03-25,332000
"795","ICSA",1995-04-01,335000
"796","ICSA",1995-04-08,347000
"797","ICSA",1995-04-15,355000
"798","ICSA",1995-04-22,349000
"799","ICSA",1995-04-29,365000
"800","ICSA",1995-05-06,364000
"801","ICSA",1995-05-13,366000
"802","ICSA",1995-05-20,377000
"803","ICSA",1995-05-27,374000
"804","ICSA",1995-06-03,362000
"805","ICSA",1995-06-10,367000
"806","ICSA",1995-06-17,378000
"807","ICSA",1995-06-24,358000
"808","ICSA",1995-07-01,355000
"809","ICSA",1995-07-08,372000
"810","ICSA",1995-07-15,389000
"811","ICSA",1995-07-22,390000
"812","ICSA",1995-07-29,351000
"813","ICSA",1995-08-05,351000
"814","ICSA",1995-08-12,353000
"815","ICSA",1995-08-19,362000
"816","ICSA",1995-08-26,359000
"817","ICSA",1995-09-02,355000
"818","ICSA",1995-09-09,371000
"819","ICSA",1995-09-16,376000
"820","ICSA",1995-09-23,353000
"821","ICSA",1995-09-30,355000
"822","ICSA",1995-10-07,374000
"823","ICSA",1995-10-14,369000
"824","ICSA",1995-10-21,366000
"825","ICSA",1995-10-28,377000
"826","ICSA",1995-11-04,380000
"827","ICSA",1995-11-11,370000
"828","ICSA",1995-11-18,379000
"829","ICSA",1995-11-25,379000
"830","ICSA",1995-12-02,373000
"831","ICSA",1995-12-09,346000
"832","ICSA",1995-12-16,373000
"833","ICSA",1995-12-23,374000
"834","ICSA",1995-12-30,359000
"835","ICSA",1996-01-06,361000
"836","ICSA",1996-01-13,333000
"837","ICSA",1996-01-20,415000
"838","ICSA",1996-01-27,387000
"839","ICSA",1996-02-03,374000
"840","ICSA",1996-02-10,387000
"841","ICSA",1996-02-17,383000
"842","ICSA",1996-02-24,365000
"843","ICSA",1996-03-02,368000
"844","ICSA",1996-03-09,361000
"845","ICSA",1996-03-16,384000
"846","ICSA",1996-03-23,426000
"847","ICSA",1996-03-30,393000
"848","ICSA",1996-04-06,369000
"849","ICSA",1996-04-13,357000
"850","ICSA",1996-04-20,368000
"851","ICSA",1996-04-27,343000
"852","ICSA",1996-05-04,338000
"853","ICSA",1996-05-11,352000
"854","ICSA",1996-05-18,345000
"855","ICSA",1996-05-25,343000
"856","ICSA",1996-06-01,340000
"857","ICSA",1996-06-08,351000
"858","ICSA",1996-06-15,342000
"859","ICSA",1996-06-22,341000
"860","ICSA",1996-06-29,337000
"861","ICSA",1996-07-06,342000
"862","ICSA",1996-07-13,347000
"863","ICSA",1996-07-20,332000
"864","ICSA",1996-07-27,327000
"865","ICSA",1996-08-03,326000
"866","ICSA",1996-08-10,331000
"867","ICSA",1996-08-17,336000
"868","ICSA",1996-08-24,337000
"869","ICSA",1996-08-31,329000
"870","ICSA",1996-09-07,333000
"871","ICSA",1996-09-14,338000
"872","ICSA",1996-09-21,352000
"873","ICSA",1996-09-28,348000
"874","ICSA",1996-10-05,335000
"875","ICSA",1996-10-12,334000
"876","ICSA",1996-10-19,335000
"877","ICSA",1996-10-26,352000
"878","ICSA",1996-11-02,334000
"879","ICSA",1996-11-09,327000
"880","ICSA",1996-11-16,342000
"881","ICSA",1996-11-23,347000
"882","ICSA",1996-11-30,332000
"883","ICSA",1996-12-07,355000
"884","ICSA",1996-12-14,352000
"885","ICSA",1996-12-21,350000
"886","ICSA",1996-12-28,357000
"887","ICSA",1997-01-04,347000
"888","ICSA",1997-01-11,324000
"889","ICSA",1997-01-18,345000
"890","ICSA",1997-01-25,340000
"891","ICSA",1997-02-01,333000
"892","ICSA",1997-02-08,315000
"893","ICSA",1997-02-15,313000
"894","ICSA",1997-02-22,322000
"895","ICSA",1997-03-01,321000
"896","ICSA",1997-03-08,317000
"897","ICSA",1997-03-15,319000
"898","ICSA",1997-03-22,315000
"899","ICSA",1997-03-29,325000
"900","ICSA",1997-04-05,325000
"901","ICSA",1997-04-12,330000
"902","ICSA",1997-04-19,316000
"903","ICSA",1997-04-26,337000
"904","ICSA",1997-05-03,342000
"905","ICSA",1997-05-10,318000
"906","ICSA",1997-05-17,322000
"907","ICSA",1997-05-24,316000
"908","ICSA",1997-05-31,321000
"909","ICSA",1997-06-07,329000
"910","ICSA",1997-06-14,335000
"911","ICSA",1997-06-21,316000
"912","ICSA",1997-06-28,322000
"913","ICSA",1997-07-05,346000
"914","ICSA",1997-07-12,328000
"915","ICSA",1997-07-19,301000
"916","ICSA",1997-07-26,306000
"917","ICSA",1997-08-02,320000
"918","ICSA",1997-08-09,329000
"919","ICSA",1997-08-16,343000
"920","ICSA",1997-08-23,327000
"921","ICSA",1997-08-30,332000
"922","ICSA",1997-09-06,313000
"923","ICSA",1997-09-13,314000
"924","ICSA",1997-09-20,317000
"925","ICSA",1997-09-27,317000
"926","ICSA",1997-10-04,311000
"927","ICSA",1997-10-11,305000
"928","ICSA",1997-10-18,318000
"929","ICSA",1997-10-25,306000
"930","ICSA",1997-11-01,313000
"931","ICSA",1997-11-08,308000
"932","ICSA",1997-11-15,325000
"933","ICSA",1997-11-22,309000
"934","ICSA",1997-11-29,318000
"935","ICSA",1997-12-06,317000
"936","ICSA",1997-12-13,323000
"937","ICSA",1997-12-20,310000
"938","ICSA",1997-12-27,303000
"939","ICSA",1998-01-03,312000
"940","ICSA",1998-01-10,331000
"941","ICSA",1998-01-17,341000
"942","ICSA",1998-01-24,307000
"943","ICSA",1998-01-31,315000
"944","ICSA",1998-02-07,311000
"945","ICSA",1998-02-14,321000
"946","ICSA",1998-02-21,327000
"947","ICSA",1998-02-28,317000
"948","ICSA",1998-03-07,308000
"949","ICSA",1998-03-14,319000
"950","ICSA",1998-03-21,321000
"951","ICSA",1998-03-28,312000
"952","ICSA",1998-04-04,312000
"953","ICSA",1998-04-11,304000
"954","ICSA",1998-04-18,317000
"955","ICSA",1998-04-25,311000
"956","ICSA",1998-05-02,304000
"957","ICSA",1998-05-09,306000
"958","ICSA",1998-05-16,315000
"959","ICSA",1998-05-23,309000
"960","ICSA",1998-05-30,322000
"961","ICSA",1998-06-06,306000
"962","ICSA",1998-06-13,321000
"963","ICSA",1998-06-20,349000
"964","ICSA",1998-06-27,376000
"965","ICSA",1998-07-04,362000
"966","ICSA",1998-07-11,320000
"967","ICSA",1998-07-18,315000
"968","ICSA",1998-07-25,335000
"969","ICSA",1998-08-01,327000
"970","ICSA",1998-08-08,316000
"971","ICSA",1998-08-15,308000
"972","ICSA",1998-08-22,302000
"973","ICSA",1998-08-29,310000
"974","ICSA",1998-09-05,313000
"975","ICSA",1998-09-12,304000
"976","ICSA",1998-09-19,305000
"977","ICSA",1998-09-26,294000
"978","ICSA",1998-10-03,302000
"979","ICSA",1998-10-10,316000
"980","ICSA",1998-10-17,318000
"981","ICSA",1998-10-24,309000
"982","ICSA",1998-10-31,308000
"983","ICSA",1998-11-07,316000
"984","ICSA",1998-11-14,334000
"985","ICSA",1998-11-21,304000
"986","ICSA",1998-11-28,310000
"987","ICSA",1998-12-05,326000
"988","ICSA",1998-12-12,305000
"989","ICSA",1998-12-19,297000
"990","ICSA",1998-12-26,336000
"991","ICSA",1999-01-02,331000
"992","ICSA",1999-01-09,345000
"993","ICSA",1999-01-16,339000
"994","ICSA",1999-01-23,311000
"995","ICSA",1999-01-30,305000
"996","ICSA",1999-02-06,291000
"997","ICSA",1999-02-13,312000
"998","ICSA",1999-02-20,302000
"999","ICSA",1999-02-27,301000
"1000","ICSA",1999-03-06,3e+05
"1001","ICSA",1999-03-13,308000
"1002","ICSA",1999-03-20,305000
"1003","ICSA",1999-03-27,298000
"1004","ICSA",1999-04-03,310000
"1005","ICSA",1999-04-10,319000
"1006","ICSA",1999-04-17,314000
"1007","ICSA",1999-04-24,291000
"1008","ICSA",1999-05-01,296000
"1009","ICSA",1999-05-08,310000
"1010","ICSA",1999-05-15,301000
"1011","ICSA",1999-05-22,298000
"1012","ICSA",1999-05-29,303000
"1013","ICSA",1999-06-05,303000
"1014","ICSA",1999-06-12,290000
"1015","ICSA",1999-06-19,292000
"1016","ICSA",1999-06-26,291000
"1017","ICSA",1999-07-03,287000
"1018","ICSA",1999-07-10,288000
"1019","ICSA",1999-07-17,309000
"1020","ICSA",1999-07-24,306000
"1021","ICSA",1999-07-31,3e+05
"1022","ICSA",1999-08-07,295000
"1023","ICSA",1999-08-14,292000
"1024","ICSA",1999-08-21,286000
"1025","ICSA",1999-08-28,290000
"1026","ICSA",1999-09-04,290000
"1027","ICSA",1999-09-11,281000
"1028","ICSA",1999-09-18,281000
"1029","ICSA",1999-09-25,306000
"1030","ICSA",1999-10-02,309000
"1031","ICSA",1999-10-09,291000
"1032","ICSA",1999-10-16,287000
"1033","ICSA",1999-10-23,280000
"1034","ICSA",1999-10-30,285000
"1035","ICSA",1999-11-06,282000
"1036","ICSA",1999-11-13,281000
"1037","ICSA",1999-11-20,276000
"1038","ICSA",1999-11-27,288000
"1039","ICSA",1999-12-04,287000
"1040","ICSA",1999-12-11,272000
"1041","ICSA",1999-12-18,287000
"1042","ICSA",1999-12-25,268000
"1043","ICSA",2000-01-01,286000
"1044","ICSA",2000-01-08,298000
"1045","ICSA",2000-01-15,289000
"1046","ICSA",2000-01-22,284000
"1047","ICSA",2000-01-29,285000
"1048","ICSA",2000-02-05,312000
"1049","ICSA",2000-02-12,3e+05
"1050","ICSA",2000-02-19,283000
"1051","ICSA",2000-02-26,280000
"1052","ICSA",2000-03-04,286000
"1053","ICSA",2000-03-11,270000
"1054","ICSA",2000-03-18,271000
"1055","ICSA",2000-03-25,272000
"1056","ICSA",2000-04-01,266000
"1057","ICSA",2000-04-08,268000
"1058","ICSA",2000-04-15,259000
"1059","ICSA",2000-04-22,274000
"1060","ICSA",2000-04-29,291000
"1061","ICSA",2000-05-06,293000
"1062","ICSA",2000-05-13,276000
"1063","ICSA",2000-05-20,280000
"1064","ICSA",2000-05-27,280000
"1065","ICSA",2000-06-03,290000
"1066","ICSA",2000-06-10,284000
"1067","ICSA",2000-06-17,294000
"1068","ICSA",2000-06-24,296000
"1069","ICSA",2000-07-01,281000
"1070","ICSA",2000-07-08,293000
"1071","ICSA",2000-07-15,303000
"1072","ICSA",2000-07-22,3e+05
"1073","ICSA",2000-07-29,298000
"1074","ICSA",2000-08-05,306000
"1075","ICSA",2000-08-12,315000
"1076","ICSA",2000-08-19,318000
"1077","ICSA",2000-08-26,312000
"1078","ICSA",2000-09-02,301000
"1079","ICSA",2000-09-09,309000
"1080","ICSA",2000-09-16,311000
"1081","ICSA",2000-09-23,288000
"1082","ICSA",2000-09-30,292000
"1083","ICSA",2000-10-07,309000
"1084","ICSA",2000-10-14,299000
"1085","ICSA",2000-10-21,295000
"1086","ICSA",2000-10-28,301000
"1087","ICSA",2000-11-04,331000
"1088","ICSA",2000-11-11,318000
"1089","ICSA",2000-11-18,332000
"1090","ICSA",2000-11-25,356000
"1091","ICSA",2000-12-02,338000
"1092","ICSA",2000-12-09,321000
"1093","ICSA",2000-12-16,354000
"1094","ICSA",2000-12-23,364000
"1095","ICSA",2000-12-30,353000
"1096","ICSA",2001-01-06,337000
"1097","ICSA",2001-01-13,318000
"1098","ICSA",2001-01-20,343000
"1099","ICSA",2001-01-27,362000
"1100","ICSA",2001-02-03,376000
"1101","ICSA",2001-02-10,365000
"1102","ICSA",2001-02-17,358000
"1103","ICSA",2001-02-24,386000
"1104","ICSA",2001-03-03,384000
"1105","ICSA",2001-03-10,393000
"1106","ICSA",2001-03-17,393000
"1107","ICSA",2001-03-24,378000
"1108","ICSA",2001-03-31,388000
"1109","ICSA",2001-04-07,398000
"1110","ICSA",2001-04-14,383000
"1111","ICSA",2001-04-21,4e+05
"1112","ICSA",2001-04-28,406000
"1113","ICSA",2001-05-05,381000
"1114","ICSA",2001-05-12,390000
"1115","ICSA",2001-05-19,402000
"1116","ICSA",2001-05-26,405000
"1117","ICSA",2001-06-02,406000
"1118","ICSA",2001-06-09,411000
"1119","ICSA",2001-06-16,394000
"1120","ICSA",2001-06-23,381000
"1121","ICSA",2001-06-30,394000
"1122","ICSA",2001-07-07,401000
"1123","ICSA",2001-07-14,405000
"1124","ICSA",2001-07-21,398000
"1125","ICSA",2001-07-28,388000
"1126","ICSA",2001-08-04,401000
"1127","ICSA",2001-08-11,394000
"1128","ICSA",2001-08-18,402000
"1129","ICSA",2001-08-25,395000
"1130","ICSA",2001-09-01,402000
"1131","ICSA",2001-09-08,408000
"1132","ICSA",2001-09-15,395000
"1133","ICSA",2001-09-22,453000
"1134","ICSA",2001-09-29,517000
"1135","ICSA",2001-10-06,476000
"1136","ICSA",2001-10-13,482000
"1137","ICSA",2001-10-20,482000
"1138","ICSA",2001-10-27,483000
"1139","ICSA",2001-11-03,440000
"1140","ICSA",2001-11-10,428000
"1141","ICSA",2001-11-17,431000
"1142","ICSA",2001-11-24,491000
"1143","ICSA",2001-12-01,465000
"1144","ICSA",2001-12-08,393000
"1145","ICSA",2001-12-15,389000
"1146","ICSA",2001-12-22,416000
"1147","ICSA",2001-12-29,421000
"1148","ICSA",2002-01-05,397000
"1149","ICSA",2002-01-12,418000
"1150","ICSA",2002-01-19,405000
"1151","ICSA",2002-01-26,414000
"1152","ICSA",2002-02-02,404000
"1153","ICSA",2002-02-09,397000
"1154","ICSA",2002-02-16,397000
"1155","ICSA",2002-02-23,398000
"1156","ICSA",2002-03-02,392000
"1157","ICSA",2002-03-09,399000
"1158","ICSA",2002-03-16,392000
"1159","ICSA",2002-03-23,415000
"1160","ICSA",2002-03-30,479000
"1161","ICSA",2002-04-06,445000
"1162","ICSA",2002-04-13,442000
"1163","ICSA",2002-04-20,416000
"1164","ICSA",2002-04-27,414000
"1165","ICSA",2002-05-04,409000
"1166","ICSA",2002-05-11,413000
"1167","ICSA",2002-05-18,411000
"1168","ICSA",2002-05-25,403000
"1169","ICSA",2002-06-01,378000
"1170","ICSA",2002-06-08,388000
"1171","ICSA",2002-06-15,396000
"1172","ICSA",2002-06-22,388000
"1173","ICSA",2002-06-29,386000
"1174","ICSA",2002-07-06,391000
"1175","ICSA",2002-07-13,384000
"1176","ICSA",2002-07-20,379000
"1177","ICSA",2002-07-27,390000
"1178","ICSA",2002-08-03,388000
"1179","ICSA",2002-08-10,389000
"1180","ICSA",2002-08-17,399000
"1181","ICSA",2002-08-24,398000
"1182","ICSA",2002-08-31,394000
"1183","ICSA",2002-09-07,416000
"1184","ICSA",2002-09-14,412000
"1185","ICSA",2002-09-21,401000
"1186","ICSA",2002-09-28,409000
"1187","ICSA",2002-10-05,404000
"1188","ICSA",2002-10-12,405000
"1189","ICSA",2002-10-19,412000
"1190","ICSA",2002-10-26,409000
"1191","ICSA",2002-11-02,405000
"1192","ICSA",2002-11-09,4e+05
"1193","ICSA",2002-11-16,389000
"1194","ICSA",2002-11-23,390000
"1195","ICSA",2002-11-30,377000
"1196","ICSA",2002-12-07,425000
"1197","ICSA",2002-12-14,429000
"1198","ICSA",2002-12-21,394000
"1199","ICSA",2002-12-28,409000
"1200","ICSA",2003-01-04,393000
"1201","ICSA",2003-01-11,378000
"1202","ICSA",2003-01-18,402000
"1203","ICSA",2003-01-25,407000
"1204","ICSA",2003-02-01,413000
"1205","ICSA",2003-02-08,390000
"1206","ICSA",2003-02-15,420000
"1207","ICSA",2003-02-22,421000
"1208","ICSA",2003-03-01,436000
"1209","ICSA",2003-03-08,424000
"1210","ICSA",2003-03-15,430000
"1211","ICSA",2003-03-22,411000
"1212","ICSA",2003-03-29,436000
"1213","ICSA",2003-04-05,417000
"1214","ICSA",2003-04-12,434000
"1215","ICSA",2003-04-19,450000
"1216","ICSA",2003-04-26,444000
"1217","ICSA",2003-05-03,428000
"1218","ICSA",2003-05-10,417000
"1219","ICSA",2003-05-17,425000
"1220","ICSA",2003-05-24,419000
"1221","ICSA",2003-05-31,431000
"1222","ICSA",2003-06-07,429000
"1223","ICSA",2003-06-14,421000
"1224","ICSA",2003-06-21,408000
"1225","ICSA",2003-06-28,429000
"1226","ICSA",2003-07-05,433000
"1227","ICSA",2003-07-12,412000
"1228","ICSA",2003-07-19,403000
"1229","ICSA",2003-07-26,398000
"1230","ICSA",2003-08-02,401000
"1231","ICSA",2003-08-09,404000
"1232","ICSA",2003-08-16,398000
"1233","ICSA",2003-08-23,391000
"1234","ICSA",2003-08-30,407000
"1235","ICSA",2003-09-06,422000
"1236","ICSA",2003-09-13,394000
"1237","ICSA",2003-09-20,379000
"1238","ICSA",2003-09-27,387000
"1239","ICSA",2003-10-04,386000
"1240","ICSA",2003-10-11,376000
"1241","ICSA",2003-10-18,387000
"1242","ICSA",2003-10-25,379000
"1243","ICSA",2003-11-01,363000
"1244","ICSA",2003-11-08,371000
"1245","ICSA",2003-11-15,370000
"1246","ICSA",2003-11-22,354000
"1247","ICSA",2003-11-29,357000
"1248","ICSA",2003-12-06,367000
"1249","ICSA",2003-12-13,363000
"1250","ICSA",2003-12-20,354000
"1251","ICSA",2003-12-27,349000
"1252","ICSA",2004-01-03,356000
"1253","ICSA",2004-01-10,354000
"1254","ICSA",2004-01-17,362000
"1255","ICSA",2004-01-24,353000
"1256","ICSA",2004-01-31,376000
"1257","ICSA",2004-02-07,380000
"1258","ICSA",2004-02-14,356000
"1259","ICSA",2004-02-21,359000
"1260","ICSA",2004-02-28,348000
"1261","ICSA",2004-03-06,344000
"1262","ICSA",2004-03-13,338000
"1263","ICSA",2004-03-20,346000
"1264","ICSA",2004-03-27,340000
"1265","ICSA",2004-04-03,335000
"1266","ICSA",2004-04-10,355000
"1267","ICSA",2004-04-17,364000
"1268","ICSA",2004-04-24,339000
"1269","ICSA",2004-05-01,324000
"1270","ICSA",2004-05-08,329000
"1271","ICSA",2004-05-15,349000
"1272","ICSA",2004-05-22,342000
"1273","ICSA",2004-05-29,337000
"1274","ICSA",2004-06-05,355000
"1275","ICSA",2004-06-12,339000
"1276","ICSA",2004-06-19,354000
"1277","ICSA",2004-06-26,348000
"1278","ICSA",2004-07-03,326000
"1279","ICSA",2004-07-10,345000
"1280","ICSA",2004-07-17,355000
"1281","ICSA",2004-07-24,348000
"1282","ICSA",2004-07-31,341000
"1283","ICSA",2004-08-07,336000
"1284","ICSA",2004-08-14,332000
"1285","ICSA",2004-08-21,343000
"1286","ICSA",2004-08-28,352000
"1287","ICSA",2004-09-04,326000
"1288","ICSA",2004-09-11,331000
"1289","ICSA",2004-09-18,341000
"1290","ICSA",2004-09-25,351000
"1291","ICSA",2004-10-02,335000
"1292","ICSA",2004-10-09,338000
"1293","ICSA",2004-10-16,327000
"1294","ICSA",2004-10-23,338000
"1295","ICSA",2004-10-30,332000
"1296","ICSA",2004-11-06,330000
"1297","ICSA",2004-11-13,337000
"1298","ICSA",2004-11-20,313000
"1299","ICSA",2004-11-27,335000
"1300","ICSA",2004-12-04,343000
"1301","ICSA",2004-12-11,316000
"1302","ICSA",2004-12-18,322000
"1303","ICSA",2004-12-25,320000
"1304","ICSA",2005-01-01,356000
"1305","ICSA",2005-01-08,369000
"1306","ICSA",2005-01-15,332000
"1307","ICSA",2005-01-22,329000
"1308","ICSA",2005-01-29,331000
"1309","ICSA",2005-02-05,307000
"1310","ICSA",2005-02-12,308000
"1311","ICSA",2005-02-19,318000
"1312","ICSA",2005-02-26,314000
"1313","ICSA",2005-03-05,333000
"1314","ICSA",2005-03-12,324000
"1315","ICSA",2005-03-19,329000
"1316","ICSA",2005-03-26,342000
"1317","ICSA",2005-04-02,335000
"1318","ICSA",2005-04-09,323000
"1319","ICSA",2005-04-16,307000
"1320","ICSA",2005-04-23,317000
"1321","ICSA",2005-04-30,334000
"1322","ICSA",2005-05-07,327000
"1323","ICSA",2005-05-14,321000
"1324","ICSA",2005-05-21,320000
"1325","ICSA",2005-05-28,340000
"1326","ICSA",2005-06-04,338000
"1327","ICSA",2005-06-11,333000
"1328","ICSA",2005-06-18,321000
"1329","ICSA",2005-06-25,311000
"1330","ICSA",2005-07-02,327000
"1331","ICSA",2005-07-09,338000
"1332","ICSA",2005-07-16,323000
"1333","ICSA",2005-07-23,318000
"1334","ICSA",2005-07-30,316000
"1335","ICSA",2005-08-06,311000
"1336","ICSA",2005-08-13,319000
"1337","ICSA",2005-08-20,315000
"1338","ICSA",2005-08-27,318000
"1339","ICSA",2005-09-03,326000
"1340","ICSA",2005-09-10,422000
"1341","ICSA",2005-09-17,424000
"1342","ICSA",2005-09-24,359000
"1343","ICSA",2005-10-01,384000
"1344","ICSA",2005-10-08,383000
"1345","ICSA",2005-10-15,348000
"1346","ICSA",2005-10-22,324000
"1347","ICSA",2005-10-29,322000
"1348","ICSA",2005-11-05,325000
"1349","ICSA",2005-11-12,309000
"1350","ICSA",2005-11-19,324000
"1351","ICSA",2005-11-26,311000
"1352","ICSA",2005-12-03,321000
"1353","ICSA",2005-12-10,327000
"1354","ICSA",2005-12-17,312000
"1355","ICSA",2005-12-24,320000
"1356","ICSA",2005-12-31,302000
"1357","ICSA",2006-01-07,326000
"1358","ICSA",2006-01-14,285000
"1359","ICSA",2006-01-21,290000
"1360","ICSA",2006-01-28,282000
"1361","ICSA",2006-02-04,289000
"1362","ICSA",2006-02-11,298000
"1363","ICSA",2006-02-18,283000
"1364","ICSA",2006-02-25,293000
"1365","ICSA",2006-03-04,302000
"1366","ICSA",2006-03-11,307000
"1367","ICSA",2006-03-18,303000
"1368","ICSA",2006-03-25,295000
"1369","ICSA",2006-04-01,291000
"1370","ICSA",2006-04-08,299000
"1371","ICSA",2006-04-15,299000
"1372","ICSA",2006-04-22,308000
"1373","ICSA",2006-04-29,321000
"1374","ICSA",2006-05-06,347000
"1375","ICSA",2006-05-13,335000
"1376","ICSA",2006-05-20,319000
"1377","ICSA",2006-05-27,330000
"1378","ICSA",2006-06-03,307000
"1379","ICSA",2006-06-10,298000
"1380","ICSA",2006-06-17,308000
"1381","ICSA",2006-06-24,309000
"1382","ICSA",2006-07-01,316000
"1383","ICSA",2006-07-08,343000
"1384","ICSA",2006-07-15,318000
"1385","ICSA",2006-07-22,306000
"1386","ICSA",2006-07-29,311000
"1387","ICSA",2006-08-05,318000
"1388","ICSA",2006-08-12,310000
"1389","ICSA",2006-08-19,315000
"1390","ICSA",2006-08-26,314000
"1391","ICSA",2006-09-02,315000
"1392","ICSA",2006-09-09,314000
"1393","ICSA",2006-09-16,324000
"1394","ICSA",2006-09-23,319000
"1395","ICSA",2006-09-30,309000
"1396","ICSA",2006-10-07,316000
"1397","ICSA",2006-10-14,305000
"1398","ICSA",2006-10-21,313000
"1399","ICSA",2006-10-28,328000
"1400","ICSA",2006-11-04,319000
"1401","ICSA",2006-11-11,311000
"1402","ICSA",2006-11-18,326000
"1403","ICSA",2006-11-25,349000
"1404","ICSA",2006-12-02,327000
"1405","ICSA",2006-12-09,311000
"1406","ICSA",2006-12-16,318000
"1407","ICSA",2006-12-23,323000
"1408","ICSA",2006-12-30,341000
"1409","ICSA",2007-01-06,330000
"1410","ICSA",2007-01-13,296000
"1411","ICSA",2007-01-20,335000
"1412","ICSA",2007-01-27,308000
"1413","ICSA",2007-02-03,310000
"1414","ICSA",2007-02-10,338000
"1415","ICSA",2007-02-17,321000
"1416","ICSA",2007-02-24,322000
"1417","ICSA",2007-03-03,320000
"1418","ICSA",2007-03-10,308000
"1419","ICSA",2007-03-17,309000
"1420","ICSA",2007-03-24,303000
"1421","ICSA",2007-03-31,307000
"1422","ICSA",2007-04-07,332000
"1423","ICSA",2007-04-14,327000
"1424","ICSA",2007-04-21,321000
"1425","ICSA",2007-04-28,301000
"1426","ICSA",2007-05-05,3e+05
"1427","ICSA",2007-05-12,297000
"1428","ICSA",2007-05-19,310000
"1429","ICSA",2007-05-26,310000
"1430","ICSA",2007-06-02,313000
"1431","ICSA",2007-06-09,313000
"1432","ICSA",2007-06-16,320000
"1433","ICSA",2007-06-23,313000
"1434","ICSA",2007-06-30,317000
"1435","ICSA",2007-07-07,321000
"1436","ICSA",2007-07-14,317000
"1437","ICSA",2007-07-21,310000
"1438","ICSA",2007-07-28,305000
"1439","ICSA",2007-08-04,314000
"1440","ICSA",2007-08-11,316000
"1441","ICSA",2007-08-18,321000
"1442","ICSA",2007-08-25,329000
"1443","ICSA",2007-09-01,314000
"1444","ICSA",2007-09-08,321000
"1445","ICSA",2007-09-15,313000
"1446","ICSA",2007-09-22,302000
"1447","ICSA",2007-09-29,317000
"1448","ICSA",2007-10-06,316000
"1449","ICSA",2007-10-13,335000
"1450","ICSA",2007-10-20,334000
"1451","ICSA",2007-10-27,328000
"1452","ICSA",2007-11-03,327000
"1453","ICSA",2007-11-10,333000
"1454","ICSA",2007-11-17,332000
"1455","ICSA",2007-11-24,352000
"1456","ICSA",2007-12-01,344000
"1457","ICSA",2007-12-08,332000
"1458","ICSA",2007-12-15,350000
"1459","ICSA",2007-12-22,355000
"1460","ICSA",2007-12-29,360000
"1461","ICSA",2008-01-05,346000
"1462","ICSA",2008-01-12,322000
"1463","ICSA",2008-01-19,321000
"1464","ICSA",2008-01-26,366000
"1465","ICSA",2008-02-02,350000
"1466","ICSA",2008-02-09,344000
"1467","ICSA",2008-02-16,339000
"1468","ICSA",2008-02-23,354000
"1469","ICSA",2008-03-01,345000
"1470","ICSA",2008-03-08,348000
"1471","ICSA",2008-03-15,369000
"1472","ICSA",2008-03-22,368000
"1473","ICSA",2008-03-29,387000
"1474","ICSA",2008-04-05,354000
"1475","ICSA",2008-04-12,365000
"1476","ICSA",2008-04-19,349000
"1477","ICSA",2008-04-26,370000
"1478","ICSA",2008-05-03,370000
"1479","ICSA",2008-05-10,366000
"1480","ICSA",2008-05-17,367000
"1481","ICSA",2008-05-24,369000
"1482","ICSA",2008-05-31,362000
"1483","ICSA",2008-06-07,382000
"1484","ICSA",2008-06-14,378000
"1485","ICSA",2008-06-21,381000
"1486","ICSA",2008-06-28,392000
"1487","ICSA",2008-07-05,371000
"1488","ICSA",2008-07-12,385000
"1489","ICSA",2008-07-19,402000
"1490","ICSA",2008-07-26,434000
"1491","ICSA",2008-08-02,448000
"1492","ICSA",2008-08-09,430000
"1493","ICSA",2008-08-16,424000
"1494","ICSA",2008-08-23,421000
"1495","ICSA",2008-08-30,442000
"1496","ICSA",2008-09-06,441000
"1497","ICSA",2008-09-13,449000
"1498","ICSA",2008-09-20,483000
"1499","ICSA",2008-09-27,483000
"1500","ICSA",2008-10-04,482000
"1501","ICSA",2008-10-11,461000
"1502","ICSA",2008-10-18,478000
"1503","ICSA",2008-10-25,480000
"1504","ICSA",2008-11-01,490000
"1505","ICSA",2008-11-08,512000
"1506","ICSA",2008-11-15,536000
"1507","ICSA",2008-11-22,532000
"1508","ICSA",2008-11-29,529000
"1509","ICSA",2008-12-06,570000
"1510","ICSA",2008-12-13,566000
"1511","ICSA",2008-12-20,587000
"1512","ICSA",2008-12-27,533000
"1513","ICSA",2009-01-03,503000
"1514","ICSA",2009-01-10,551000
"1515","ICSA",2009-01-17,591000
"1516","ICSA",2009-01-24,586000
"1517","ICSA",2009-01-31,629000
"1518","ICSA",2009-02-07,637000
"1519","ICSA",2009-02-14,632000
"1520","ICSA",2009-02-21,655000
"1521","ICSA",2009-02-28,652000
"1522","ICSA",2009-03-07,660000
"1523","ICSA",2009-03-14,651000
"1524","ICSA",2009-03-21,661000
"1525","ICSA",2009-03-28,665000
"1526","ICSA",2009-04-04,653000
"1527","ICSA",2009-04-11,599000
"1528","ICSA",2009-04-18,639000
"1529","ICSA",2009-04-25,620000
"1530","ICSA",2009-05-02,602000
"1531","ICSA",2009-05-09,625000
"1532","ICSA",2009-05-16,620000
"1533","ICSA",2009-05-23,606000
"1534","ICSA",2009-05-30,607000
"1535","ICSA",2009-06-06,596000
"1536","ICSA",2009-06-13,595000
"1537","ICSA",2009-06-20,608000
"1538","ICSA",2009-06-27,594000
"1539","ICSA",2009-07-04,573000
"1540","ICSA",2009-07-11,546000
"1541","ICSA",2009-07-18,560000
"1542","ICSA",2009-07-25,587000
"1543","ICSA",2009-08-01,555000
"1544","ICSA",2009-08-08,555000
"1545","ICSA",2009-08-15,562000
"1546","ICSA",2009-08-22,560000
"1547","ICSA",2009-08-29,564000
"1548","ICSA",2009-09-05,558000
"1549","ICSA",2009-09-12,542000
"1550","ICSA",2009-09-19,536000
"1551","ICSA",2009-09-26,554000
"1552","ICSA",2009-10-03,533000
"1553","ICSA",2009-10-10,511000
"1554","ICSA",2009-10-17,531000
"1555","ICSA",2009-10-24,530000
"1556","ICSA",2009-10-31,522000
"1557","ICSA",2009-11-07,512000
"1558","ICSA",2009-11-14,507000
"1559","ICSA",2009-11-21,482000
"1560","ICSA",2009-11-28,475000
"1561","ICSA",2009-12-05,497000
"1562","ICSA",2009-12-12,498000
"1563","ICSA",2009-12-19,479000
"1564","ICSA",2009-12-26,468000
"1565","ICSA",2010-01-02,456000
"1566","ICSA",2010-01-09,469000
"1567","ICSA",2010-01-16,507000
"1568","ICSA",2010-01-23,471000
"1569","ICSA",2010-01-30,496000
"1570","ICSA",2010-02-06,466000
"1571","ICSA",2010-02-13,489000
"1572","ICSA",2010-02-20,5e+05
"1573","ICSA",2010-02-27,488000
"1574","ICSA",2010-03-06,472000
"1575","ICSA",2010-03-13,478000
"1576","ICSA",2010-03-20,472000
"1577","ICSA",2010-03-27,459000
"1578","ICSA",2010-04-03,479000
"1579","ICSA",2010-04-10,479000
"1580","ICSA",2010-04-17,469000
"1581","ICSA",2010-04-24,449000
"1582","ICSA",2010-05-01,451000
"1583","ICSA",2010-05-08,451000
"1584","ICSA",2010-05-15,474000
"1585","ICSA",2010-05-22,463000
"1586","ICSA",2010-05-29,458000
"1587","ICSA",2010-06-05,459000
"1588","ICSA",2010-06-12,467000
"1589","ICSA",2010-06-19,452000
"1590","ICSA",2010-06-26,464000
"1591","ICSA",2010-07-03,454000
"1592","ICSA",2010-07-10,439000
"1593","ICSA",2010-07-17,462000
"1594","ICSA",2010-07-24,465000
"1595","ICSA",2010-07-31,476000
"1596","ICSA",2010-08-07,483000
"1597","ICSA",2010-08-14,486000
"1598","ICSA",2010-08-21,464000
"1599","ICSA",2010-08-28,467000
"1600","ICSA",2010-09-04,452000
"1601","ICSA",2010-09-11,444000
"1602","ICSA",2010-09-18,459000
"1603","ICSA",2010-09-25,459000
"1604","ICSA",2010-10-02,446000
"1605","ICSA",2010-10-09,459000
"1606","ICSA",2010-10-16,444000
"1607","ICSA",2010-10-23,432000
"1608","ICSA",2010-10-30,453000
"1609","ICSA",2010-11-06,434000
"1610","ICSA",2010-11-13,432000
"1611","ICSA",2010-11-20,407000
"1612","ICSA",2010-11-27,432000
"1613","ICSA",2010-12-04,428000
"1614","ICSA",2010-12-11,425000
"1615","ICSA",2010-12-18,424000
"1616","ICSA",2010-12-25,404000
"1617","ICSA",2011-01-01,413000
"1618","ICSA",2011-01-08,434000
"1619","ICSA",2011-01-15,421000
"1620","ICSA",2011-01-22,446000
"1621","ICSA",2011-01-29,420000
"1622","ICSA",2011-02-05,402000
"1623","ICSA",2011-02-12,425000
"1624","ICSA",2011-02-19,394000
"1625","ICSA",2011-02-26,385000
"1626","ICSA",2011-03-05,414000
"1627","ICSA",2011-03-12,404000
"1628","ICSA",2011-03-19,407000
"1629","ICSA",2011-03-26,399000
"1630","ICSA",2011-04-02,395000
"1631","ICSA",2011-04-09,416000
"1632","ICSA",2011-04-16,402000
"1633","ICSA",2011-04-23,422000
"1634","ICSA",2011-04-30,468000
"1635","ICSA",2011-05-07,435000
"1636","ICSA",2011-05-14,414000
"1637","ICSA",2011-05-21,423000
"1638","ICSA",2011-05-28,418000
"1639","ICSA",2011-06-04,423000
"1640","ICSA",2011-06-11,413000
"1641","ICSA",2011-06-18,416000
"1642","ICSA",2011-06-25,421000
"1643","ICSA",2011-07-02,418000
"1644","ICSA",2011-07-09,408000
"1645","ICSA",2011-07-16,420000
"1646","ICSA",2011-07-23,411000
"1647","ICSA",2011-07-30,406000
"1648","ICSA",2011-08-06,405000
"1649","ICSA",2011-08-13,409000
"1650","ICSA",2011-08-20,415000
"1651","ICSA",2011-08-27,409000
"1652","ICSA",2011-09-03,414000
"1653","ICSA",2011-09-10,429000
"1654","ICSA",2011-09-17,422000
"1655","ICSA",2011-09-24,406000
"1656","ICSA",2011-10-01,405000
"1657","ICSA",2011-10-08,410000
"1658","ICSA",2011-10-15,395000
"1659","ICSA",2011-10-22,403000
"1660","ICSA",2011-10-29,399000
"1661","ICSA",2011-11-05,392000
"1662","ICSA",2011-11-12,383000
"1663","ICSA",2011-11-19,385000
"1664","ICSA",2011-11-26,397000
"1665","ICSA",2011-12-03,387000
"1666","ICSA",2011-12-10,368000
"1667","ICSA",2011-12-17,368000
"1668","ICSA",2011-12-24,386000
"1669","ICSA",2011-12-31,376000
"1670","ICSA",2012-01-07,391000
"1671","ICSA",2012-01-14,367000
"1672","ICSA",2012-01-21,381000
"1673","ICSA",2012-01-28,372000
"1674","ICSA",2012-02-04,368000
"1675","ICSA",2012-02-11,361000
"1676","ICSA",2012-02-18,359000
"1677","ICSA",2012-02-25,365000
"1678","ICSA",2012-03-03,375000
"1679","ICSA",2012-03-10,369000
"1680","ICSA",2012-03-17,368000
"1681","ICSA",2012-03-24,363000
"1682","ICSA",2012-03-31,358000
"1683","ICSA",2012-04-07,387000
"1684","ICSA",2012-04-14,381000
"1685","ICSA",2012-04-21,387000
"1686","ICSA",2012-04-28,372000
"1687","ICSA",2012-05-05,373000
"1688","ICSA",2012-05-12,369000
"1689","ICSA",2012-05-19,371000
"1690","ICSA",2012-05-26,381000
"1691","ICSA",2012-06-02,377000
"1692","ICSA",2012-06-09,383000
"1693","ICSA",2012-06-16,384000
"1694","ICSA",2012-06-23,380000
"1695","ICSA",2012-06-30,372000
"1696","ICSA",2012-07-07,360000
"1697","ICSA",2012-07-14,390000
"1698","ICSA",2012-07-21,368000
"1699","ICSA",2012-07-28,372000
"1700","ICSA",2012-08-04,371000
"1701","ICSA",2012-08-11,369000
"1702","ICSA",2012-08-18,376000
"1703","ICSA",2012-08-25,377000
"1704","ICSA",2012-09-01,371000
"1705","ICSA",2012-09-08,393000
"1706","ICSA",2012-09-15,392000
"1707","ICSA",2012-09-22,377000
"1708","ICSA",2012-09-29,376000
"1709","ICSA",2012-10-06,350000
"1710","ICSA",2012-10-13,386000
"1711","ICSA",2012-10-20,374000
"1712","ICSA",2012-10-27,364000
"1713","ICSA",2012-11-03,365000
"1714","ICSA",2012-11-10,446000
"1715","ICSA",2012-11-17,406000
"1716","ICSA",2012-11-24,388000
"1717","ICSA",2012-12-01,375000
"1718","ICSA",2012-12-08,340000
"1719","ICSA",2012-12-15,356000
"1720","ICSA",2012-12-22,362000
"1721","ICSA",2012-12-29,362000
"1722","ICSA",2013-01-05,363000
"1723","ICSA",2013-01-12,344000
"1724","ICSA",2013-01-19,339000
"1725","ICSA",2013-01-26,366000
"1726","ICSA",2013-02-02,361000
"1727","ICSA",2013-02-09,347000
"1728","ICSA",2013-02-16,362000
"1729","ICSA",2013-02-23,342000
"1730","ICSA",2013-03-02,340000
"1731","ICSA",2013-03-09,343000
"1732","ICSA",2013-03-16,343000
"1733","ICSA",2013-03-23,358000
"1734","ICSA",2013-03-30,375000
"1735","ICSA",2013-04-06,359000
"1736","ICSA",2013-04-13,356000
"1737","ICSA",2013-04-20,343000
"1738","ICSA",2013-04-27,331000
"1739","ICSA",2013-05-04,335000
"1740","ICSA",2013-05-11,360000
"1741","ICSA",2013-05-18,343000
"1742","ICSA",2013-05-25,353000
"1743","ICSA",2013-06-01,346000
"1744","ICSA",2013-06-08,337000
"1745","ICSA",2013-06-15,353000
"1746","ICSA",2013-06-22,347000
"1747","ICSA",2013-06-29,340000
"1748","ICSA",2013-07-06,351000
"1749","ICSA",2013-07-13,344000
"1750","ICSA",2013-07-20,355000
"1751","ICSA",2013-07-27,334000
"1752","ICSA",2013-08-03,339000
"1753","ICSA",2013-08-10,327000
"1754","ICSA",2013-08-17,340000
"1755","ICSA",2013-08-24,336000
"1756","ICSA",2013-08-31,325000
"1757","ICSA",2013-09-07,3e+05
"1758","ICSA",2013-09-14,323000
"1759","ICSA",2013-09-21,314000
"1760","ICSA",2013-09-28,319000
"1761","ICSA",2013-10-05,368000
"1762","ICSA",2013-10-12,368000
"1763","ICSA",2013-10-19,351000
"1764","ICSA",2013-10-26,347000
"1765","ICSA",2013-11-02,342000
"1766","ICSA",2013-11-09,340000
"1767","ICSA",2013-11-16,331000
"1768","ICSA",2013-11-23,316000
"1769","ICSA",2013-11-30,312000
"1770","ICSA",2013-12-07,354000
"1771","ICSA",2013-12-14,364000
"1772","ICSA",2013-12-21,334000
"1773","ICSA",2013-12-28,332000
"1774","ICSA",2014-01-04,322000
"1775","ICSA",2014-01-11,318000
"1776","ICSA",2014-01-18,327000
"1777","ICSA",2014-01-25,340000
"1778","ICSA",2014-02-01,331000
"1779","ICSA",2014-02-08,337000
"1780","ICSA",2014-02-15,332000
"1781","ICSA",2014-02-22,341000
"1782","ICSA",2014-03-01,319000
"1783","ICSA",2014-03-08,322000
"1784","ICSA",2014-03-15,321000
"1785","ICSA",2014-03-22,313000
"1786","ICSA",2014-03-29,330000
"1787","ICSA",2014-04-05,311000
"1788","ICSA",2014-04-12,308000
"1789","ICSA",2014-04-19,327000
"1790","ICSA",2014-04-26,345000
"1791","ICSA",2014-05-03,325000
"1792","ICSA",2014-05-10,303000
"1793","ICSA",2014-05-17,324000
"1794","ICSA",2014-05-24,305000
"1795","ICSA",2014-05-31,312000
"1796","ICSA",2014-06-07,317000
"1797","ICSA",2014-06-14,314000
"1798","ICSA",2014-06-21,315000
"1799","ICSA",2014-06-28,308000
"1800","ICSA",2014-07-05,302000
"1801","ICSA",2014-07-12,308000
"1802","ICSA",2014-07-19,294000
"1803","ICSA",2014-07-26,303000
"1804","ICSA",2014-08-02,295000
"1805","ICSA",2014-08-09,309000
"1806","ICSA",2014-08-16,303000
"1807","ICSA",2014-08-23,3e+05
"1808","ICSA",2014-08-30,303000
"1809","ICSA",2014-09-06,307000
"1810","ICSA",2014-09-13,288000
"1811","ICSA",2014-09-20,295000
"1812","ICSA",2014-09-27,290000
"1813","ICSA",2014-10-04,293000
"1814","ICSA",2014-10-11,281000
"1815","ICSA",2014-10-18,290000
"1816","ICSA",2014-10-25,291000
"1817","ICSA",2014-11-01,280000
"1818","ICSA",2014-11-08,291000
"1819","ICSA",2014-11-15,293000
"1820","ICSA",2014-11-22,303000
"1821","ICSA",2014-11-29,291000
"1822","ICSA",2014-12-06,291000
"1823","ICSA",2014-12-13,286000
"1824","ICSA",2014-12-20,276000
"1825","ICSA",2014-12-27,285000
"1826","ICSA",2015-01-03,294000
"1827","ICSA",2015-01-10,304000
"1828","ICSA",2015-01-17,298000
"1829","ICSA",2015-01-24,261000
"1830","ICSA",2015-01-31,281000
"1831","ICSA",2015-02-07,298000
"1832","ICSA",2015-02-14,285000
"1833","ICSA",2015-02-21,305000
"1834","ICSA",2015-02-28,317000
"1835","ICSA",2015-03-07,293000
"1836","ICSA",2015-03-14,290000
"1837","ICSA",2015-03-21,284000
"1838","ICSA",2015-03-28,269000
"1839","ICSA",2015-04-04,282000
"1840","ICSA",2015-04-11,298000
"1841","ICSA",2015-04-18,295000
"1842","ICSA",2015-04-25,269000
"1843","ICSA",2015-05-02,267000
"1844","ICSA",2015-05-09,271000
"1845","ICSA",2015-05-16,276000
"1846","ICSA",2015-05-23,281000
"1847","ICSA",2015-05-30,275000
"1848","ICSA",2015-06-06,278000
"1849","ICSA",2015-06-13,269000
"1850","ICSA",2015-06-20,273000
"1851","ICSA",2015-06-27,275000
"1852","ICSA",2015-07-04,292000
"1853","ICSA",2015-07-11,285000
"1854","ICSA",2015-07-18,265000
"1855","ICSA",2015-07-25,269000
"1856","ICSA",2015-08-01,270000
"1857","ICSA",2015-08-08,274000
"1858","ICSA",2015-08-15,279000
"1859","ICSA",2015-08-22,274000
"1860","ICSA",2015-08-29,279000
"1861","ICSA",2015-09-05,273000
"1862","ICSA",2015-09-12,264000
"1863","ICSA",2015-09-19,269000
"1864","ICSA",2015-09-26,272000
"1865","ICSA",2015-10-03,267000
"1866","ICSA",2015-10-10,265000
"1867","ICSA",2015-10-17,264000
"1868","ICSA",2015-10-24,264000
"1869","ICSA",2015-10-31,275000
"1870","ICSA",2015-11-07,276000
"1871","ICSA",2015-11-14,272000
"1872","ICSA",2015-11-21,261000
"1873","ICSA",2015-11-28,265000
"1874","ICSA",2015-12-05,280000
"1875","ICSA",2015-12-12,268000
"1876","ICSA",2015-12-19,260000
"1877","ICSA",2015-12-26,276000
"1878","ICSA",2016-01-02,273000
"1879","ICSA",2016-01-09,284000
"1880","ICSA",2016-01-16,290000
"1881","ICSA",2016-01-23,269000
"1882","ICSA",2016-01-30,282000
"1883","ICSA",2016-02-06,266000
"1884","ICSA",2016-02-13,262000
"1885","ICSA",2016-02-20,270000
"1886","ICSA",2016-02-27,269000
"1887","ICSA",2016-03-05,255000
"1888","ICSA",2016-03-12,263000
"1889","ICSA",2016-03-19,264000
"1890","ICSA",2016-03-26,271000
"1891","ICSA",2016-04-02,273000
"1892","ICSA",2016-04-09,263000
"1893","ICSA",2016-04-16,257000
"1894","ICSA",2016-04-23,259000
"1895","ICSA",2016-04-30,278000
"1896","ICSA",2016-05-07,289000
"1897","ICSA",2016-05-14,279000
"1898","ICSA",2016-05-21,267000
"1899","ICSA",2016-05-28,263000
"1900","ICSA",2016-06-04,265000
"1901","ICSA",2016-06-11,273000
"1902","ICSA",2016-06-18,261000
"1903","ICSA",2016-06-25,262000
"1904","ICSA",2016-07-02,255000
"1905","ICSA",2016-07-09,252000
"1906","ICSA",2016-07-16,260000
"1907","ICSA",2016-07-23,264000
"1908","ICSA",2016-07-30,266000
"1909","ICSA",2016-08-06,265000
"1910","ICSA",2016-08-13,264000
"1911","ICSA",2016-08-20,264000
"1912","ICSA",2016-08-27,261000
"1913","ICSA",2016-09-03,257000
"1914","ICSA",2016-09-10,252000
"1915","ICSA",2016-09-17,250000
"1916","ICSA",2016-09-24,247000
"1917","ICSA",2016-10-01,245000
"1918","ICSA",2016-10-08,250000
"1919","ICSA",2016-10-15,263000
"1920","ICSA",2016-10-22,256000
"1921","ICSA",2016-10-29,265000
"1922","ICSA",2016-11-05,250000
"1923","ICSA",2016-11-12,232000
"1924","ICSA",2016-11-19,246000
"1925","ICSA",2016-11-26,255000
"1926","ICSA",2016-12-03,248000
"1927","ICSA",2016-12-10,252000
"1928","ICSA",2016-12-17,260000
"1929","ICSA",2016-12-24,257000
"1930","ICSA",2016-12-31,244000
"1931","ICSA",2017-01-07,245000
"1932","ICSA",2017-01-14,240000
"1933","ICSA",2017-01-21,250000
"1934","ICSA",2017-01-28,241000
"1935","ICSA",2017-02-04,230000
"1936","ICSA",2017-02-11,233000
"1937","ICSA",2017-02-18,237000
"1938","ICSA",2017-02-25,221000
"1939","ICSA",2017-03-04,236000
"1940","ICSA",2017-03-11,228000
"1941","ICSA",2017-03-18,235000
"1942","ICSA",2017-03-25,236000
"1943","ICSA",2017-04-01,216000
"1944","ICSA",2017-04-08,222000
"1945","ICSA",2017-04-15,231000
"1946","ICSA",2017-04-22,238000
"1947","ICSA",2017-04-29,232000
"1948","ICSA",2017-05-06,233000
"1949","ICSA",2017-05-13,234000
"1950","ICSA",2017-05-20,236000
"1951","ICSA",2017-05-27,253000
"1952","ICSA",2017-06-03,251000
"1953","ICSA",2017-06-10,245000
"1954","ICSA",2017-06-17,249000
"1955","ICSA",2017-06-24,247000
"1956","ICSA",2017-07-01,256000
"1957","ICSA",2017-07-08,259000
"1958","ICSA",2017-07-15,245000
"1959","ICSA",2017-07-22,249000
"1960","ICSA",2017-07-29,245000
"1961","ICSA",2017-08-05,254000
"1962","ICSA",2017-08-12,245000
"1963","ICSA",2017-08-19,245000
"1964","ICSA",2017-08-26,247000
"1965","ICSA",2017-09-02,297000
"1966","ICSA",2017-09-09,280000
"1967","ICSA",2017-09-16,261000
"1968","ICSA",2017-09-23,264000
"1969","ICSA",2017-09-30,260000
"1970","ICSA",2017-10-07,252000
"1971","ICSA",2017-10-14,235000
"1972","ICSA",2017-10-21,241000
"1973","ICSA",2017-10-28,241000
"1974","ICSA",2017-11-04,248000
"1975","ICSA",2017-11-11,254000
"1976","ICSA",2017-11-18,246000
"1977","ICSA",2017-11-25,243000
"1978","ICSA",2017-12-02,241000
"1979","ICSA",2017-12-09,229000
"1980","ICSA",2017-12-16,244000
"1981","ICSA",2017-12-23,251000
"1982","ICSA",2017-12-30,248000
"1983","ICSA",2018-01-06,252000
"1984","ICSA",2018-01-13,230000
"1985","ICSA",2018-01-20,231000
"1986","ICSA",2018-01-27,228000
"1987","ICSA",2018-02-03,224000
"1988","ICSA",2018-02-10,225000
"1989","ICSA",2018-02-17,219000
"1990","ICSA",2018-02-24,216000
"1991","ICSA",2018-03-03,228000
"1992","ICSA",2018-03-10,223000
"1993","ICSA",2018-03-17,225000
"1994","ICSA",2018-03-24,221000
"1995","ICSA",2018-03-31,232000
"1996","ICSA",2018-04-07,234000
"1997","ICSA",2018-04-14,236000
"1998","ICSA",2018-04-21,207000
"1999","ICSA",2018-04-28,209000
"2000","ICSA",2018-05-05,211000
"2001","ICSA",2018-05-12,222000
"2002","ICSA",2018-05-19,230000
"2003","ICSA",2018-05-26,222000
"2004","ICSA",2018-06-02,223000
"2005","ICSA",2018-06-09,222000
"2006","ICSA",2018-06-16,218000
"2007","ICSA",2018-06-23,222000
"2008","ICSA",2018-06-30,228000
"2009","ICSA",2018-07-07,216000
"2010","ICSA",2018-07-14,205000
"2011","ICSA",2018-07-21,210000
"2012","ICSA",2018-07-28,207000
"2013","ICSA",2018-08-04,210000
"2014","ICSA",2018-08-11,206000
"2015","ICSA",2018-08-18,207000
"2016","ICSA",2018-08-25,211000
"2017","ICSA",2018-09-01,201000
"2018","ICSA",2018-09-08,204000
"2019","ICSA",2018-09-15,206000
"2020","ICSA",2018-09-22,205000
"2021","ICSA",2018-09-29,210000
"2022","ICSA",2018-10-06,211000
"2023","ICSA",2018-10-13,208000
"2024","ICSA",2018-10-20,217000
"2025","ICSA",2018-10-27,216000
"2026","ICSA",2018-11-03,218000
"2027","ICSA",2018-11-10,221000
"2028","ICSA",2018-11-17,225000
"2029","ICSA",2018-11-24,237000
"2030","ICSA",2018-12-01,232000
"2031","ICSA",2018-12-08,208000
"2032","ICSA",2018-12-15,217000
"2033","ICSA",2018-12-22,228000
"2034","ICSA",2018-12-29,238000
"2035","ICSA",2019-01-05,226000
"2036","ICSA",2019-01-12,217000
"2037","ICSA",2019-01-19,213000
"2038","ICSA",2019-01-26,235000
"2039","ICSA",2019-02-02,235000
"2040","ICSA",2019-02-09,231000
"2041","ICSA",2019-02-16,215000
"2042","ICSA",2019-02-23,225000
"2043","ICSA",2019-03-02,223000
"2044","ICSA",2019-03-09,225000
"2045","ICSA",2019-03-16,218000
"2046","ICSA",2019-03-23,217000
"2047","ICSA",2019-03-30,206000
"2048","ICSA",2019-04-06,203000
"2049","ICSA",2019-04-13,205000
"2050","ICSA",2019-04-20,224000
"2051","ICSA",2019-04-27,225000
"2052","ICSA",2019-05-04,226000
"2053","ICSA",2019-05-11,215000
"2054","ICSA",2019-05-18,213000
"2055","ICSA",2019-05-25,221000
"2056","ICSA",2019-06-01,223000
"2057","ICSA",2019-06-08,226000
"2058","ICSA",2019-06-15,218000
"2059","ICSA",2019-06-22,226000
"2060","ICSA",2019-06-29,223000
"2061","ICSA",2019-07-06,213000
"2062","ICSA",2019-07-13,210000
"2063","ICSA",2019-07-20,198000
"2064","ICSA",2019-07-27,2e+05
"2065","ICSA",2019-08-03,205000
"2066","ICSA",2019-08-10,208000
"2067","ICSA",2019-08-17,204000
"2068","ICSA",2019-08-24,210000
"2069","ICSA",2019-08-31,207000
"2070","ICSA",2019-09-07,197000
"2071","ICSA",2019-09-14,206000
"2072","ICSA",2019-09-21,203000
"2073","ICSA",2019-09-28,209000
"2074","ICSA",2019-10-05,209000
"2075","ICSA",2019-10-12,210000
"2076","ICSA",2019-10-19,211000
"2077","ICSA",2019-10-26,217000
"2078","ICSA",2019-11-02,213000
"2079","ICSA",2019-11-09,228000
"2080","ICSA",2019-11-16,227000
"2081","ICSA",2019-11-23,220000
"2082","ICSA",2019-11-30,229000
"2083","ICSA",2019-12-07,248000
"2084","ICSA",2019-12-14,230000
"2085","ICSA",2019-12-21,231000
"2086","ICSA",2019-12-28,233000
"2087","ICSA",2020-01-04,222000
"2088","ICSA",2020-01-11,209000
"2089","ICSA",2020-01-18,221000
"2090","ICSA",2020-01-25,210000
"2091","ICSA",2020-02-01,208000
"2092","ICSA",2020-02-08,207000
"2093","ICSA",2020-02-15,210000
"2094","ICSA",2020-02-22,222000
"2095","ICSA",2020-02-29,219000
"2096","ICSA",2020-03-07,213000
"2097","ICSA",2020-03-14,278000
"2098","ICSA",2020-03-21,2914000
"2099","ICSA",2020-03-28,5946000
"2100","ICSA",2020-04-04,6137000
"2101","ICSA",2020-04-11,4869000
"2102","ICSA",2020-04-18,4201000
"2103","ICSA",2020-04-25,3446000
"2104","ICSA",2020-05-02,2796000
"2105","ICSA",2020-05-09,2335000
"2106","ICSA",2020-05-16,2176000
"2107","ICSA",2020-05-23,1921000
"2108","ICSA",2020-05-30,1639000
"2109","ICSA",2020-06-06,1575000
"2110","ICSA",2020-06-13,1473000
"2111","ICSA",2020-06-20,1467000
"2112","ICSA",2020-06-27,1446000
"2113","ICSA",2020-07-04,1413000
"2114","ICSA",2020-07-11,1468000
"2115","ICSA",2020-07-18,1393000
"2116","ICSA",2020-07-25,1260000
"2117","ICSA",2020-08-01,1044000
"2118","ICSA",2020-08-08,884000
"2119","ICSA",2020-08-15,927000
"2120","ICSA",2020-08-22,876000
"2121","ICSA",2020-08-29,881000
"2122","ICSA",2020-09-05,892000
"2123","ICSA",2020-09-12,861000
"2124","ICSA",2020-09-19,859000
"2125","ICSA",2020-09-26,795000
"2126","ICSA",2020-10-03,785000
"2127","ICSA",2020-10-10,839000
"2128","ICSA",2020-10-17,804000
"2129","ICSA",2020-10-24,776000
"2130","ICSA",2020-10-31,773000
"2131","ICSA",2020-11-07,737000
"2132","ICSA",2020-11-14,738000
"2133","ICSA",2020-11-21,793000
"2134","ICSA",2020-11-28,737000
"2135","ICSA",2020-12-05,873000
"2136","ICSA",2020-12-12,886000
"2137","ICSA",2020-12-19,815000
"2138","ICSA",2020-12-26,773000
"2139","ICSA",2021-01-02,803000
"2140","ICSA",2021-01-09,890000
"2141","ICSA",2021-01-16,844000
"2142","ICSA",2021-01-23,799000
"2143","ICSA",2021-01-30,803000
"2144","ICSA",2021-02-06,812000
"2145","ICSA",2021-02-13,802000
"2146","ICSA",2021-02-20,702000
"2147","ICSA",2021-02-27,704000
"2148","ICSA",2021-03-06,693000
"2149","ICSA",2021-03-13,699000
"2150","ICSA",2021-03-20,627000
"2151","ICSA",2021-03-27,658000
"2152","ICSA",2021-04-03,645000
"2153","ICSA",2021-04-10,571000
"2154","ICSA",2021-04-17,566000
"2155","ICSA",2021-04-24,574000
"2156","ICSA",2021-05-01,517000
"2157","ICSA",2021-05-08,494000
"2158","ICSA",2021-05-15,467000
"2159","ICSA",2021-05-22,441000
"2160","ICSA",2021-05-29,427000
"2161","ICSA",2021-06-05,420000
"2162","ICSA",2021-06-12,428000
"2163","ICSA",2021-06-19,422000
"2164","ICSA",2021-06-26,372000
"2165","ICSA",2021-07-03,362000
"2166","ICSA",2021-07-10,350000
"2167","ICSA",2021-07-17,379000
"2168","ICSA",2021-07-24,363000
"2169","ICSA",2021-07-31,365000
"2170","ICSA",2021-08-07,351000
"2171","ICSA",2021-08-14,356000
"2172","ICSA",2021-08-21,347000
"2173","ICSA",2021-08-28,343000
"2174","ICSA",2021-09-04,330000
"2175","ICSA",2021-09-11,332000
"2176","ICSA",2021-09-18,344000
"2177","ICSA",2021-09-25,356000
"2178","ICSA",2021-10-02,307000
"2179","ICSA",2021-10-09,289000
"2180","ICSA",2021-10-16,288000
"2181","ICSA",2021-10-23,269000
"2182","ICSA",2021-10-30,264000
"2183","ICSA",2021-11-06,257000
"2184","ICSA",2021-11-13,250000
"2185","ICSA",2021-11-20,226000
"2186","ICSA",2021-11-27,225000
"2187","ICSA",2021-12-04,216000
"2188","ICSA",2021-12-11,222000
"2189","ICSA",2021-12-18,217000
"2190","ICSA",2021-12-25,203000
"2191","ICSA",2022-01-01,228000
"2192","ICSA",2022-01-08,243000
"2193","ICSA",2022-01-15,251000
"2194","ICSA",2022-01-22,232000
"2195","ICSA",2022-01-29,233000
"2196","ICSA",2022-02-05,217000
"2197","ICSA",2022-02-12,232000
"2198","ICSA",2022-02-19,226000
"2199","ICSA",2022-02-26,213000
"2200","ICSA",2022-03-05,228000
"2201","ICSA",2022-03-12,216000
"2202","ICSA",2022-03-19,214000
"2203","ICSA",2022-03-26,214000
"2204","ICSA",2022-04-02,214000
"2205","ICSA",2022-04-09,222000
"2206","ICSA",2022-04-16,217000
"2207","ICSA",2022-04-23,207000
"2208","ICSA",2022-04-30,218000
"2209","ICSA",2022-05-07,210000
"2210","ICSA",2022-05-14,222000
"2211","ICSA",2022-05-21,215000
"2212","ICSA",2022-05-28,202000
"2213","ICSA",2022-06-04,221000
"2214","ICSA",2022-06-11,217000
"2215","ICSA",2022-06-18,216000
"2216","ICSA",2022-06-25,213000
"2217","ICSA",2022-07-02,212000
"2218","ICSA",2022-07-09,221000
"2219","ICSA",2022-07-16,213000
"2220","ICSA",2022-07-23,211000
"2221","ICSA",2022-07-30,218000
"2222","ICSA",2022-08-06,214000
"2223","ICSA",2022-08-13,213000
"2224","ICSA",2022-08-20,208000
"2225","ICSA",2022-08-27,206000
"2226","ICSA",2022-09-03,197000
"2227","ICSA",2022-09-10,192000
"2228","ICSA",2022-09-17,191000
"2229","ICSA",2022-09-24,182000
"2230","ICSA",2022-10-01,198000
"2231","ICSA",2022-10-08,206000
"2232","ICSA",2022-10-15,198000
"2233","ICSA",2022-10-22,201000
"2234","ICSA",2022-10-29,204000
"2235","ICSA",2022-11-05,207000
"2236","ICSA",2022-11-12,211000
"2237","ICSA",2022-11-19,219000
"2238","ICSA",2022-11-26,213000
"2239","ICSA",2022-12-03,216000
"2240","ICSA",2022-12-10,206000
"2241","ICSA",2022-12-17,212000
"2242","ICSA",2022-12-24,213000
"2243","ICSA",2022-12-31,206000
"2244","ICSA",2023-01-07,205000
"2245","ICSA",2023-01-14,2e+05
"2246","ICSA",2023-01-21,194000
"2247","ICSA",2023-01-28,199000
"2248","ICSA",2023-02-04,220000
"2249","ICSA",2023-02-11,216000
"2250","ICSA",2023-02-18,217000
"2251","ICSA",2023-02-25,221000
"2252","ICSA",2023-03-04,245000
"2253","ICSA",2023-03-11,230000
"2254","ICSA",2023-03-18,247000
"2255","ICSA",2023-03-25,246000
"2256","ICSA",2023-04-01,228000
"2257","ICSA",2023-04-08,240000
"2258","ICSA",2023-04-15,246000
"2259","ICSA",2023-04-22,229000
"2260","ICSA",2023-04-29,242000
"2261","ICSA",2023-05-06,231000
"2262","ICSA",2023-05-13,225000
"2263","ICSA",2023-05-20,230000
"2264","ICSA",2023-05-27,233000
"2265","ICSA",2023-06-03,262000
"2266","ICSA",2023-06-10,264000
"2267","ICSA",2023-06-17,265000
"2268","ICSA",2023-06-24,236000
"2269","ICSA",2023-07-01,249000
"2270","ICSA",2023-07-08,237000
"2271","ICSA",2023-07-15,228000
"2272","ICSA",2023-07-22,221000
"2273","ICSA",2023-07-29,227000
"2274","ICSA",2023-08-05,250000
"2275","ICSA",2023-08-12,240000
"2276","ICSA",2023-08-19,232000
"2277","ICSA",2023-08-26,229000
"2278","ICSA",2023-09-02,217000
"2279","ICSA",2023-09-09,221000
"2280","ICSA",2023-09-16,202000
"2281","ICSA",2023-09-23,205000
"2282","ICSA",2023-09-30,209000
"2283","ICSA",2023-10-07,211000
"2284","ICSA",2023-10-14,2e+05
"2285","ICSA",2023-10-21,212000
"2286","ICSA",2023-10-28,220000
"2287","ICSA",2023-11-04,218000
"2288","ICSA",2023-11-11,233000
"2289","ICSA",2023-11-18,211000
"2290","ICSA",2023-11-25,219000
"2291","ICSA",2023-12-02,221000
"2292","ICSA",2023-12-09,203000
"2293","ICSA",2023-12-16,206000
"2294","ICSA",2023-12-23,220000
"2295","ICSA",2023-12-30,203000
"2296","ICSA",2024-01-06,203000
"2297","ICSA",2024-01-13,189000
"2298","ICSA",2024-01-20,215000
"2299","ICSA",2024-01-27,227000
"2300","ICSA",2024-02-03,220000
"2301","ICSA",2024-02-10,213000
"2302","ICSA",2024-02-17,202000
"2303","ICSA",2024-02-24,217000
"2304","ICSA",2024-03-02,217000
"2305","FPCPITOTLZGUSA",1990-01-01,5.39795643990325
"2306","FPCPITOTLZGUSA",1991-01-01,4.23496396453849
"2307","FPCPITOTLZGUSA",1992-01-01,3.02881967814969
"2308","FPCPITOTLZGUSA",1993-01-01,2.95165696638559
"2309","FPCPITOTLZGUSA",1994-01-01,2.60744159215453
"2310","FPCPITOTLZGUSA",1995-01-01,2.80541968853662
"2311","FPCPITOTLZGUSA",1996-01-01,2.93120419993441
"2312","FPCPITOTLZGUSA",1997-01-01,2.33768993730735
"2313","FPCPITOTLZGUSA",1998-01-01,1.55227909874364
"2314","FPCPITOTLZGUSA",1999-01-01,2.18802719697358
"2315","FPCPITOTLZGUSA",2000-01-01,3.37685727149929
"2316","FPCPITOTLZGUSA",2001-01-01,2.82617111885407
"2317","FPCPITOTLZGUSA",2002-01-01,1.58603162650601
"2318","FPCPITOTLZGUSA",2003-01-01,2.27009497336115
"2319","FPCPITOTLZGUSA",2004-01-01,2.67723669309172
"2320","FPCPITOTLZGUSA",2005-01-01,3.3927468454955
"2321","FPCPITOTLZGUSA",2006-01-01,3.22594410070404
"2322","FPCPITOTLZGUSA",2007-01-01,2.85267248150138
"2323","FPCPITOTLZGUSA",2008-01-01,3.839100296651
"2324","FPCPITOTLZGUSA",2009-01-01,-0.355546266299747
"2325","FPCPITOTLZGUSA",2010-01-01,1.6400434423899
"2326","FPCPITOTLZGUSA",2011-01-01,3.156841568622
"2327","FPCPITOTLZGUSA",2012-01-01,2.06933726526067
"2328","FPCPITOTLZGUSA",2013-01-01,1.46483265562717
"2329","FPCPITOTLZGUSA",2014-01-01,1.62222297740817
"2330","FPCPITOTLZGUSA",2015-01-01,0.118627135552451
"2331","FPCPITOTLZGUSA",2016-01-01,1.26158320570536
"2332","FPCPITOTLZGUSA",2017-01-01,2.13011000365961
"2333","FPCPITOTLZGUSA",2018-01-01,2.44258329692817
"2334","FPCPITOTLZGUSA",2019-01-01,1.81221007526021
"2335","FPCPITOTLZGUSA",2020-01-01,1.23358439630629
"2336","FPCPITOTLZGUSA",2021-01-01,4.69785886363742
"2337","FPCPITOTLZGUSA",2022-01-01,8.00279982052121
"2338","UNRATE",1990-01-01,5.4
"2339","UNRATE",1990-02-01,5.3
"2340","UNRATE",1990-03-01,5.2
"2341","UNRATE",1990-04-01,5.4
"2342","UNRATE",1990-05-01,5.4
"2343","UNRATE",1990-06-01,5.2
"2344","UNRATE",1990-07-01,5.5
"2345","UNRATE",1990-08-01,5.7
"2346","UNRATE",1990-09-01,5.9
"2347","UNRATE",1990-10-01,5.9
"2348","UNRATE",1990-11-01,6.2
"2349","UNRATE",1990-12-01,6.3
"2350","UNRATE",1991-01-01,6.4
"2351","UNRATE",1991-02-01,6.6
"2352","UNRATE",1991-03-01,6.8
"2353","UNRATE",1991-04-01,6.7
"2354","UNRATE",1991-05-01,6.9
"2355","UNRATE",1991-06-01,6.9
"2356","UNRATE",1991-07-01,6.8
"2357","UNRATE",1991-08-01,6.9
"2358","UNRATE",1991-09-01,6.9
"2359","UNRATE",1991-10-01,7
"2360","UNRATE",1991-11-01,7
"2361","UNRATE",1991-12-01,7.3
"2362","UNRATE",1992-01-01,7.3
"2363","UNRATE",1992-02-01,7.4
"2364","UNRATE",1992-03-01,7.4
"2365","UNRATE",1992-04-01,7.4
"2366","UNRATE",1992-05-01,7.6
"2367","UNRATE",1992-06-01,7.8
"2368","UNRATE",1992-07-01,7.7
"2369","UNRATE",1992-08-01,7.6
"2370","UNRATE",1992-09-01,7.6
"2371","UNRATE",1992-10-01,7.3
"2372","UNRATE",1992-11-01,7.4
"2373","UNRATE",1992-12-01,7.4
"2374","UNRATE",1993-01-01,7.3
"2375","UNRATE",1993-02-01,7.1
"2376","UNRATE",1993-03-01,7
"2377","UNRATE",1993-04-01,7.1
"2378","UNRATE",1993-05-01,7.1
"2379","UNRATE",1993-06-01,7
"2380","UNRATE",1993-07-01,6.9
"2381","UNRATE",1993-08-01,6.8
"2382","UNRATE",1993-09-01,6.7
"2383","UNRATE",1993-10-01,6.8
"2384","UNRATE",1993-11-01,6.6
"2385","UNRATE",1993-12-01,6.5
"2386","UNRATE",1994-01-01,6.6
"2387","UNRATE",1994-02-01,6.6
"2388","UNRATE",1994-03-01,6.5
"2389","UNRATE",1994-04-01,6.4
"2390","UNRATE",1994-05-01,6.1
"2391","UNRATE",1994-06-01,6.1
"2392","UNRATE",1994-07-01,6.1
"2393","UNRATE",1994-08-01,6
"2394","UNRATE",1994-09-01,5.9
"2395","UNRATE",1994-10-01,5.8
"2396","UNRATE",1994-11-01,5.6
"2397","UNRATE",1994-12-01,5.5
"2398","UNRATE",1995-01-01,5.6
"2399","UNRATE",1995-02-01,5.4
"2400","UNRATE",1995-03-01,5.4
"2401","UNRATE",1995-04-01,5.8
"2402","UNRATE",1995-05-01,5.6
"2403","UNRATE",1995-06-01,5.6
"2404","UNRATE",1995-07-01,5.7
"2405","UNRATE",1995-08-01,5.7
"2406","UNRATE",1995-09-01,5.6
"2407","UNRATE",1995-10-01,5.5
"2408","UNRATE",1995-11-01,5.6
"2409","UNRATE",1995-12-01,5.6
"2410","UNRATE",1996-01-01,5.6
"2411","UNRATE",1996-02-01,5.5
"2412","UNRATE",1996-03-01,5.5
"2413","UNRATE",1996-04-01,5.6
"2414","UNRATE",1996-05-01,5.6
"2415","UNRATE",1996-06-01,5.3
"2416","UNRATE",1996-07-01,5.5
"2417","UNRATE",1996-08-01,5.1
"2418","UNRATE",1996-09-01,5.2
"2419","UNRATE",1996-10-01,5.2
"2420","UNRATE",1996-11-01,5.4
"2421","UNRATE",1996-12-01,5.4
"2422","UNRATE",1997-01-01,5.3
"2423","UNRATE",1997-02-01,5.2
"2424","UNRATE",1997-03-01,5.2
"2425","UNRATE",1997-04-01,5.1
"2426","UNRATE",1997-05-01,4.9
"2427","UNRATE",1997-06-01,5
"2428","UNRATE",1997-07-01,4.9
"2429","UNRATE",1997-08-01,4.8
"2430","UNRATE",1997-09-01,4.9
"2431","UNRATE",1997-10-01,4.7
"2432","UNRATE",1997-11-01,4.6
"2433","UNRATE",1997-12-01,4.7
"2434","UNRATE",1998-01-01,4.6
"2435","UNRATE",1998-02-01,4.6
"2436","UNRATE",1998-03-01,4.7
"2437","UNRATE",1998-04-01,4.3
"2438","UNRATE",1998-05-01,4.4
"2439","UNRATE",1998-06-01,4.5
"2440","UNRATE",1998-07-01,4.5
"2441","UNRATE",1998-08-01,4.5
"2442","UNRATE",1998-09-01,4.6
"2443","UNRATE",1998-10-01,4.5
"2444","UNRATE",1998-11-01,4.4
"2445","UNRATE",1998-12-01,4.4
"2446","UNRATE",1999-01-01,4.3
"2447","UNRATE",1999-02-01,4.4
"2448","UNRATE",1999-03-01,4.2
"2449","UNRATE",1999-04-01,4.3
"2450","UNRATE",1999-05-01,4.2
"2451","UNRATE",1999-06-01,4.3
"2452","UNRATE",1999-07-01,4.3
"2453","UNRATE",1999-08-01,4.2
"2454","UNRATE",1999-09-01,4.2
"2455","UNRATE",1999-10-01,4.1
"2456","UNRATE",1999-11-01,4.1
"2457","UNRATE",1999-12-01,4
"2458","UNRATE",2000-01-01,4
"2459","UNRATE",2000-02-01,4.1
"2460","UNRATE",2000-03-01,4
"2461","UNRATE",2000-04-01,3.8
"2462","UNRATE",2000-05-01,4
"2463","UNRATE",2000-06-01,4
"2464","UNRATE",2000-07-01,4
"2465","UNRATE",2000-08-01,4.1
"2466","UNRATE",2000-09-01,3.9
"2467","UNRATE",2000-10-01,3.9
"2468","UNRATE",2000-11-01,3.9
"2469","UNRATE",2000-12-01,3.9
"2470","UNRATE",2001-01-01,4.2
"2471","UNRATE",2001-02-01,4.2
"2472","UNRATE",2001-03-01,4.3
"2473","UNRATE",2001-04-01,4.4
"2474","UNRATE",2001-05-01,4.3
"2475","UNRATE",2001-06-01,4.5
"2476","UNRATE",2001-07-01,4.6
"2477","UNRATE",2001-08-01,4.9
"2478","UNRATE",2001-09-01,5
"2479","UNRATE",2001-10-01,5.3
"2480","UNRATE",2001-11-01,5.5
"2481","UNRATE",2001-12-01,5.7
"2482","UNRATE",2002-01-01,5.7
"2483","UNRATE",2002-02-01,5.7
"2484","UNRATE",2002-03-01,5.7
"2485","UNRATE",2002-04-01,5.9
"2486","UNRATE",2002-05-01,5.8
"2487","UNRATE",2002-06-01,5.8
"2488","UNRATE",2002-07-01,5.8
"2489","UNRATE",2002-08-01,5.7
"2490","UNRATE",2002-09-01,5.7
"2491","UNRATE",2002-10-01,5.7
"2492","UNRATE",2002-11-01,5.9
"2493","UNRATE",2002-12-01,6
"2494","UNRATE",2003-01-01,5.8
"2495","UNRATE",2003-02-01,5.9
"2496","UNRATE",2003-03-01,5.9
"2497","UNRATE",2003-04-01,6
"2498","UNRATE",2003-05-01,6.1
"2499","UNRATE",2003-06-01,6.3
"2500","UNRATE",2003-07-01,6.2
"2501","UNRATE",2003-08-01,6.1
"2502","UNRATE",2003-09-01,6.1
"2503","UNRATE",2003-10-01,6
"2504","UNRATE",2003-11-01,5.8
"2505","UNRATE",2003-12-01,5.7
"2506","UNRATE",2004-01-01,5.7
"2507","UNRATE",2004-02-01,5.6
"2508","UNRATE",2004-03-01,5.8
"2509","UNRATE",2004-04-01,5.6
"2510","UNRATE",2004-05-01,5.6
"2511","UNRATE",2004-06-01,5.6
"2512","UNRATE",2004-07-01,5.5
"2513","UNRATE",2004-08-01,5.4
"2514","UNRATE",2004-09-01,5.4
"2515","UNRATE",2004-10-01,5.5
"2516","UNRATE",2004-11-01,5.4
"2517","UNRATE",2004-12-01,5.4
"2518","UNRATE",2005-01-01,5.3
"2519","UNRATE",2005-02-01,5.4
"2520","UNRATE",2005-03-01,5.2
"2521","UNRATE",2005-04-01,5.2
"2522","UNRATE",2005-05-01,5.1
"2523","UNRATE",2005-06-01,5
"2524","UNRATE",2005-07-01,5
"2525","UNRATE",2005-08-01,4.9
"2526","UNRATE",2005-09-01,5
"2527","UNRATE",2005-10-01,5
"2528","UNRATE",2005-11-01,5
"2529","UNRATE",2005-12-01,4.9
"2530","UNRATE",2006-01-01,4.7
"2531","UNRATE",2006-02-01,4.8
"2532","UNRATE",2006-03-01,4.7
"2533","UNRATE",2006-04-01,4.7
"2534","UNRATE",2006-05-01,4.6
"2535","UNRATE",2006-06-01,4.6
"2536","UNRATE",2006-07-01,4.7
"2537","UNRATE",2006-08-01,4.7
"2538","UNRATE",2006-09-01,4.5
"2539","UNRATE",2006-10-01,4.4
"2540","UNRATE",2006-11-01,4.5
"2541","UNRATE",2006-12-01,4.4
"2542","UNRATE",2007-01-01,4.6
"2543","UNRATE",2007-02-01,4.5
"2544","UNRATE",2007-03-01,4.4
"2545","UNRATE",2007-04-01,4.5
"2546","UNRATE",2007-05-01,4.4
"2547","UNRATE",2007-06-01,4.6
"2548","UNRATE",2007-07-01,4.7
"2549","UNRATE",2007-08-01,4.6
"2550","UNRATE",2007-09-01,4.7
"2551","UNRATE",2007-10-01,4.7
"2552","UNRATE",2007-11-01,4.7
"2553","UNRATE",2007-12-01,5
"2554","UNRATE",2008-01-01,5
"2555","UNRATE",2008-02-01,4.9
"2556","UNRATE",2008-03-01,5.1
"2557","UNRATE",2008-04-01,5
"2558","UNRATE",2008-05-01,5.4
"2559","UNRATE",2008-06-01,5.6
"2560","UNRATE",2008-07-01,5.8
"2561","UNRATE",2008-08-01,6.1
"2562","UNRATE",2008-09-01,6.1
"2563","UNRATE",2008-10-01,6.5
"2564","UNRATE",2008-11-01,6.8
"2565","UNRATE",2008-12-01,7.3
"2566","UNRATE",2009-01-01,7.8
"2567","UNRATE",2009-02-01,8.3
"2568","UNRATE",2009-03-01,8.7
"2569","UNRATE",2009-04-01,9
"2570","UNRATE",2009-05-01,9.4
"2571","UNRATE",2009-06-01,9.5
"2572","UNRATE",2009-07-01,9.5
"2573","UNRATE",2009-08-01,9.6
"2574","UNRATE",2009-09-01,9.8
"2575","UNRATE",2009-10-01,10
"2576","UNRATE",2009-11-01,9.9
"2577","UNRATE",2009-12-01,9.9
"2578","UNRATE",2010-01-01,9.8
"2579","UNRATE",2010-02-01,9.8
"2580","UNRATE",2010-03-01,9.9
"2581","UNRATE",2010-04-01,9.9
"2582","UNRATE",2010-05-01,9.6
"2583","UNRATE",2010-06-01,9.4
"2584","UNRATE",2010-07-01,9.4
"2585","UNRATE",2010-08-01,9.5
"2586","UNRATE",2010-09-01,9.5
"2587","UNRATE",2010-10-01,9.4
"2588","UNRATE",2010-11-01,9.8
"2589","UNRATE",2010-12-01,9.3
"2590","UNRATE",2011-01-01,9.1
"2591","UNRATE",2011-02-01,9
"2592","UNRATE",2011-03-01,9
"2593","UNRATE",2011-04-01,9.1
"2594","UNRATE",2011-05-01,9
"2595","UNRATE",2011-06-01,9.1
"2596","UNRATE",2011-07-01,9
"2597","UNRATE",2011-08-01,9
"2598","UNRATE",2011-09-01,9
"2599","UNRATE",2011-10-01,8.8
"2600","UNRATE",2011-11-01,8.6
"2601","UNRATE",2011-12-01,8.5
"2602","UNRATE",2012-01-01,8.3
"2603","UNRATE",2012-02-01,8.3
"2604","UNRATE",2012-03-01,8.2
"2605","UNRATE",2012-04-01,8.2
"2606","UNRATE",2012-05-01,8.2
"2607","UNRATE",2012-06-01,8.2
"2608","UNRATE",2012-07-01,8.2
"2609","UNRATE",2012-08-01,8.1
"2610","UNRATE",2012-09-01,7.8
"2611","UNRATE",2012-10-01,7.8
"2612","UNRATE",2012-11-01,7.7
"2613","UNRATE",2012-12-01,7.9
"2614","UNRATE",2013-01-01,8
"2615","UNRATE",2013-02-01,7.7
"2616","UNRATE",2013-03-01,7.5
"2617","UNRATE",2013-04-01,7.6
"2618","UNRATE",2013-05-01,7.5
"2619","UNRATE",2013-06-01,7.5
"2620","UNRATE",2013-07-01,7.3
"2621","UNRATE",2013-08-01,7.2
"2622","UNRATE",2013-09-01,7.2
"2623","UNRATE",2013-10-01,7.2
"2624","UNRATE",2013-11-01,6.9
"2625","UNRATE",2013-12-01,6.7
"2626","UNRATE",2014-01-01,6.6
"2627","UNRATE",2014-02-01,6.7
"2628","UNRATE",2014-03-01,6.7
"2629","UNRATE",2014-04-01,6.2
"2630","UNRATE",2014-05-01,6.3
"2631","UNRATE",2014-06-01,6.1
"2632","UNRATE",2014-07-01,6.2
"2633","UNRATE",2014-08-01,6.1
"2634","UNRATE",2014-09-01,5.9
"2635","UNRATE",2014-10-01,5.7
"2636","UNRATE",2014-11-01,5.8
"2637","UNRATE",2014-12-01,5.6
"2638","UNRATE",2015-01-01,5.7
"2639","UNRATE",2015-02-01,5.5
"2640","UNRATE",2015-03-01,5.4
"2641","UNRATE",2015-04-01,5.4
"2642","UNRATE",2015-05-01,5.6
"2643","UNRATE",2015-06-01,5.3
"2644","UNRATE",2015-07-01,5.2
"2645","UNRATE",2015-08-01,5.1
"2646","UNRATE",2015-09-01,5
"2647","UNRATE",2015-10-01,5
"2648","UNRATE",2015-11-01,5.1
"2649","UNRATE",2015-12-01,5
"2650","UNRATE",2016-01-01,4.8
"2651","UNRATE",2016-02-01,4.9
"2652","UNRATE",2016-03-01,5
"2653","UNRATE",2016-04-01,5.1
"2654","UNRATE",2016-05-01,4.8
"2655","UNRATE",2016-06-01,4.9
"2656","UNRATE",2016-07-01,4.8
"2657","UNRATE",2016-08-01,4.9
"2658","UNRATE",2016-09-01,5
"2659","UNRATE",2016-10-01,4.9
"2660","UNRATE",2016-11-01,4.7
"2661","UNRATE",2016-12-01,4.7
"2662","UNRATE",2017-01-01,4.7
"2663","UNRATE",2017-02-01,4.6
"2664","UNRATE",2017-03-01,4.4
"2665","UNRATE",2017-04-01,4.4
"2666","UNRATE",2017-05-01,4.4
"2667","UNRATE",2017-06-01,4.3
"2668","UNRATE",2017-07-01,4.3
"2669","UNRATE",2017-08-01,4.4
"2670","UNRATE",2017-09-01,4.3
"2671","UNRATE",2017-10-01,4.2
"2672","UNRATE",2017-11-01,4.2
"2673","UNRATE",2017-12-01,4.1
"2674","UNRATE",2018-01-01,4
"2675","UNRATE",2018-02-01,4.1
"2676","UNRATE",2018-03-01,4
"2677","UNRATE",2018-04-01,4
"2678","UNRATE",2018-05-01,3.8
"2679","UNRATE",2018-06-01,4
"2680","UNRATE",2018-07-01,3.8
"2681","UNRATE",2018-08-01,3.8
"2682","UNRATE",2018-09-01,3.7
"2683","UNRATE",2018-10-01,3.8
"2684","UNRATE",2018-11-01,3.8
"2685","UNRATE",2018-12-01,3.9
"2686","UNRATE",2019-01-01,4
"2687","UNRATE",2019-02-01,3.8
"2688","UNRATE",2019-03-01,3.8
"2689","UNRATE",2019-04-01,3.7
"2690","UNRATE",2019-05-01,3.6
"2691","UNRATE",2019-06-01,3.6
"2692","UNRATE",2019-07-01,3.7
"2693","UNRATE",2019-08-01,3.6
"2694","UNRATE",2019-09-01,3.5
"2695","UNRATE",2019-10-01,3.6
"2696","UNRATE",2019-11-01,3.6
"2697","UNRATE",2019-12-01,3.6
"2698","UNRATE",2020-01-01,3.6
"2699","UNRATE",2020-02-01,3.5
"2700","UNRATE",2020-03-01,4.4
"2701","UNRATE",2020-04-01,14.8
"2702","UNRATE",2020-05-01,13.2
"2703","UNRATE",2020-06-01,11
"2704","UNRATE",2020-07-01,10.2
"2705","UNRATE",2020-08-01,8.4
"2706","UNRATE",2020-09-01,7.8
"2707","UNRATE",2020-10-01,6.8
"2708","UNRATE",2020-11-01,6.7
"2709","UNRATE",2020-12-01,6.7
"2710","UNRATE",2021-01-01,6.4
"2711","UNRATE",2021-02-01,6.2
"2712","UNRATE",2021-03-01,6.1
"2713","UNRATE",2021-04-01,6.1
"2714","UNRATE",2021-05-01,5.8
"2715","UNRATE",2021-06-01,5.9
"2716","UNRATE",2021-07-01,5.4
"2717","UNRATE",2021-08-01,5.1
"2718","UNRATE",2021-09-01,4.7
"2719","UNRATE",2021-10-01,4.5
"2720","UNRATE",2021-11-01,4.1
"2721","UNRATE",2021-12-01,3.9
"2722","UNRATE",2022-01-01,4
"2723","UNRATE",2022-02-01,3.8
"2724","UNRATE",2022-03-01,3.6
"2725","UNRATE",2022-04-01,3.7
"2726","UNRATE",2022-05-01,3.6
"2727","UNRATE",2022-06-01,3.6
"2728","UNRATE",2022-07-01,3.5
"2729","UNRATE",2022-08-01,3.6
"2730","UNRATE",2022-09-01,3.5
"2731","UNRATE",2022-10-01,3.6
"2732","UNRATE",2022-11-01,3.6
"2733","UNRATE",2022-12-01,3.5
"2734","UNRATE",2023-01-01,3.4
"2735","UNRATE",2023-02-01,3.6
"2736","UNRATE",2023-03-01,3.5
"2737","UNRATE",2023-04-01,3.4
"2738","UNRATE",2023-05-01,3.7
"2739","UNRATE",2023-06-01,3.6
"2740","UNRATE",2023-07-01,3.5
"2741","UNRATE",2023-08-01,3.8
"2742","UNRATE",2023-09-01,3.8
"2743","UNRATE",2023-10-01,3.8
"2744","UNRATE",2023-11-01,3.7
"2745","UNRATE",2023-12-01,3.7
"2746","UNRATE",2024-01-01,3.7
"2747","UNRATE",2024-02-01,3.9
"2748","USREC",1990-01-01,0
"2749","USREC",1990-02-01,0
"2750","USREC",1990-03-01,0
"2751","USREC",1990-04-01,0
"2752","USREC",1990-05-01,0
"2753","USREC",1990-06-01,0
"2754","USREC",1990-07-01,0
"2755","USREC",1990-08-01,1
"2756","USREC",1990-09-01,1
"2757","USREC",1990-10-01,1
"2758","USREC",1990-11-01,1
"2759","USREC",1990-12-01,1
"2760","USREC",1991-01-01,1
"2761","USREC",1991-02-01,1
"2762","USREC",1991-03-01,1
"2763","USREC",1991-04-01,0
"2764","USREC",1991-05-01,0
"2765","USREC",1991-06-01,0
"2766","USREC",1991-07-01,0
"2767","USREC",1991-08-01,0
"2768","USREC",1991-09-01,0
"2769","USREC",1991-10-01,0
"2770","USREC",1991-11-01,0
"2771","USREC",1991-12-01,0
"2772","USREC",1992-01-01,0
"2773","USREC",1992-02-01,0
"2774","USREC",1992-03-01,0
"2775","USREC",1992-04-01,0
"2776","USREC",1992-05-01,0
"2777","USREC",1992-06-01,0
"2778","USREC",1992-07-01,0
"2779","USREC",1992-08-01,0
"2780","USREC",1992-09-01,0
"2781","USREC",1992-10-01,0
"2782","USREC",1992-11-01,0
"2783","USREC",1992-12-01,0
"2784","USREC",1993-01-01,0
"2785","USREC",1993-02-01,0
"2786","USREC",1993-03-01,0
"2787","USREC",1993-04-01,0
"2788","USREC",1993-05-01,0
"2789","USREC",1993-06-01,0
"2790","USREC",1993-07-01,0
"2791","USREC",1993-08-01,0
"2792","USREC",1993-09-01,0
"2793","USREC",1993-10-01,0
"2794","USREC",1993-11-01,0
"2795","USREC",1993-12-01,0
"2796","USREC",1994-01-01,0
"2797","USREC",1994-02-01,0
"2798","USREC",1994-03-01,0
"2799","USREC",1994-04-01,0
"2800","USREC",1994-05-01,0
"2801","USREC",1994-06-01,0
"2802","USREC",1994-07-01,0
"2803","USREC",1994-08-01,0
"2804","USREC",1994-09-01,0
"2805","USREC",1994-10-01,0
"2806","USREC",1994-11-01,0
"2807","USREC",1994-12-01,0
"2808","USREC",1995-01-01,0
"2809","USREC",1995-02-01,0
"2810","USREC",1995-03-01,0
"2811","USREC",1995-04-01,0
"2812","USREC",1995-05-01,0
"2813","USREC",1995-06-01,0
"2814","USREC",1995-07-01,0
"2815","USREC",1995-08-01,0
"2816","USREC",1995-09-01,0
"2817","USREC",1995-10-01,0
"2818","USREC",1995-11-01,0
"2819","USREC",1995-12-01,0
"2820","USREC",1996-01-01,0
"2821","USREC",1996-02-01,0
"2822","USREC",1996-03-01,0
"2823","USREC",1996-04-01,0
"2824","USREC",1996-05-01,0
"2825","USREC",1996-06-01,0
"2826","USREC",1996-07-01,0
"2827","USREC",1996-08-01,0
"2828","USREC",1996-09-01,0
"2829","USREC",1996-10-01,0
"2830","USREC",1996-11-01,0
"2831","USREC",1996-12-01,0
"2832","USREC",1997-01-01,0
"2833","USREC",1997-02-01,0
"2834","USREC",1997-03-01,0
"2835","USREC",1997-04-01,0
"2836","USREC",1997-05-01,0
"2837","USREC",1997-06-01,0
"2838","USREC",1997-07-01,0
"2839","USREC",1997-08-01,0
"2840","USREC",1997-09-01,0
"2841","USREC",1997-10-01,0
"2842","USREC",1997-11-01,0
"2843","USREC",1997-12-01,0
"2844","USREC",1998-01-01,0
"2845","USREC",1998-02-01,0
"2846","USREC",1998-03-01,0
"2847","USREC",1998-04-01,0
"2848","USREC",1998-05-01,0
"2849","USREC",1998-06-01,0
"2850","USREC",1998-07-01,0
"2851","USREC",1998-08-01,0
"2852","USREC",1998-09-01,0
"2853","USREC",1998-10-01,0
"2854","USREC",1998-11-01,0
"2855","USREC",1998-12-01,0
"2856","USREC",1999-01-01,0
"2857","USREC",1999-02-01,0
"2858","USREC",1999-03-01,0
"2859","USREC",1999-04-01,0
"2860","USREC",1999-05-01,0
"2861","USREC",1999-06-01,0
"2862","USREC",1999-07-01,0
"2863","USREC",1999-08-01,0
"2864","USREC",1999-09-01,0
"2865","USREC",1999-10-01,0
"2866","USREC",1999-11-01,0
"2867","USREC",1999-12-01,0
"2868","USREC",2000-01-01,0
"2869","USREC",2000-02-01,0
"2870","USREC",2000-03-01,0
"2871","USREC",2000-04-01,0
"2872","USREC",2000-05-01,0
"2873","USREC",2000-06-01,0
"2874","USREC",2000-07-01,0
"2875","USREC",2000-08-01,0
"2876","USREC",2000-09-01,0
"2877","USREC",2000-10-01,0
"2878","USREC",2000-11-01,0
"2879","USREC",2000-12-01,0
"2880","USREC",2001-01-01,0
"2881","USREC",2001-02-01,0
"2882","USREC",2001-03-01,0
"2883","USREC",2001-04-01,1
"2884","USREC",2001-05-01,1
"2885","USREC",2001-06-01,1
"2886","USREC",2001-07-01,1
"2887","USREC",2001-08-01,1
"2888","USREC",2001-09-01,1
"2889","USREC",2001-10-01,1
"2890","USREC",2001-11-01,1
"2891","USREC",2001-12-01,0
"2892","USREC",2002-01-01,0
"2893","USREC",2002-02-01,0
"2894","USREC",2002-03-01,0
"2895","USREC",2002-04-01,0
"2896","USREC",2002-05-01,0
"2897","USREC",2002-06-01,0
"2898","USREC",2002-07-01,0
"2899","USREC",2002-08-01,0
"2900","USREC",2002-09-01,0
"2901","USREC",2002-10-01,0
"2902","USREC",2002-11-01,0
"2903","USREC",2002-12-01,0
"2904","USREC",2003-01-01,0
"2905","USREC",2003-02-01,0
"2906","USREC",2003-03-01,0
"2907","USREC",2003-04-01,0
"2908","USREC",2003-05-01,0
"2909","USREC",2003-06-01,0
"2910","USREC",2003-07-01,0
"2911","USREC",2003-08-01,0
"2912","USREC",2003-09-01,0
"2913","USREC",2003-10-01,0
"2914","USREC",2003-11-01,0
"2915","USREC",2003-12-01,0
"2916","USREC",2004-01-01,0
"2917","USREC",2004-02-01,0
"2918","USREC",2004-03-01,0
"2919","USREC",2004-04-01,0
"2920","USREC",2004-05-01,0
"2921","USREC",2004-06-01,0
"2922","USREC",2004-07-01,0
"2923","USREC",2004-08-01,0
"2924","USREC",2004-09-01,0
"2925","USREC",2004-10-01,0
"2926","USREC",2004-11-01,0
"2927","USREC",2004-12-01,0
"2928","USREC",2005-01-01,0
"2929","USREC",2005-02-01,0
"2930","USREC",2005-03-01,0
"2931","USREC",2005-04-01,0
"2932","USREC",2005-05-01,0
"2933","USREC",2005-06-01,0
"2934","USREC",2005-07-01,0
"2935","USREC",2005-08-01,0
"2936","USREC",2005-09-01,0
"2937","USREC",2005-10-01,0
"2938","USREC",2005-11-01,0
"2939","USREC",2005-12-01,0
"2940","USREC",2006-01-01,0
"2941","USREC",2006-02-01,0
"2942","USREC",2006-03-01,0
"2943","USREC",2006-04-01,0
"2944","USREC",2006-05-01,0
"2945","USREC",2006-06-01,0
"2946","USREC",2006-07-01,0
"2947","USREC",2006-08-01,0
"2948","USREC",2006-09-01,0
"2949","USREC",2006-10-01,0
"2950","USREC",2006-11-01,0
"2951","USREC",2006-12-01,0
"2952","USREC",2007-01-01,0
"2953","USREC",2007-02-01,0
"2954","USREC",2007-03-01,0
"2955","USREC",2007-04-01,0
"2956","USREC",2007-05-01,0
"2957","USREC",2007-06-01,0
"2958","USREC",2007-07-01,0
"2959","USREC",2007-08-01,0
"2960","USREC",2007-09-01,0
"2961","USREC",2007-10-01,0
"2962","USREC",2007-11-01,0
"2963","USREC",2007-12-01,0
"2964","USREC",2008-01-01,1
"2965","USREC",2008-02-01,1
"2966","USREC",2008-03-01,1
"2967","USREC",2008-04-01,1
"2968","USREC",2008-05-01,1
"2969","USREC",2008-06-01,1
"2970","USREC",2008-07-01,1
"2971","USREC",2008-08-01,1
"2972","USREC",2008-09-01,1
"2973","USREC",2008-10-01,1
"2974","USREC",2008-11-01,1
"2975","USREC",2008-12-01,1
"2976","USREC",2009-01-01,1
"2977","USREC",2009-02-01,1
"2978","USREC",2009-03-01,1
"2979","USREC",2009-04-01,1
"2980","USREC",2009-05-01,1
"2981","USREC",2009-06-01,1
"2982","USREC",2009-07-01,0
"2983","USREC",2009-08-01,0
"2984","USREC",2009-09-01,0
"2985","USREC",2009-10-01,0
"2986","USREC",2009-11-01,0
"2987","USREC",2009-12-01,0
"2988","USREC",2010-01-01,0
"2989","USREC",2010-02-01,0
"2990","USREC",2010-03-01,0
"2991","USREC",2010-04-01,0
"2992","USREC",2010-05-01,0
"2993","USREC",2010-06-01,0
"2994","USREC",2010-07-01,0
"2995","USREC",2010-08-01,0
"2996","USREC",2010-09-01,0
"2997","USREC",2010-10-01,0
"2998","USREC",2010-11-01,0
"2999","USREC",2010-12-01,0
"3000","USREC",2011-01-01,0
"3001","USREC",2011-02-01,0
"3002","USREC",2011-03-01,0
"3003","USREC",2011-04-01,0
"3004","USREC",2011-05-01,0
"3005","USREC",2011-06-01,0
"3006","USREC",2011-07-01,0
"3007","USREC",2011-08-01,0
"3008","USREC",2011-09-01,0
"3009","USREC",2011-10-01,0
"3010","USREC",2011-11-01,0
"3011","USREC",2011-12-01,0
"3012","USREC",2012-01-01,0
"3013","USREC",2012-02-01,0
"3014","USREC",2012-03-01,0
"3015","USREC",2012-04-01,0
"3016","USREC",2012-05-01,0
"3017","USREC",2012-06-01,0
"3018","USREC",2012-07-01,0
"3019","USREC",2012-08-01,0
"3020","USREC",2012-09-01,0
"3021","USREC",2012-10-01,0
"3022","USREC",2012-11-01,0
"3023","USREC",2012-12-01,0
"3024","USREC",2013-01-01,0
"3025","USREC",2013-02-01,0
"3026","USREC",2013-03-01,0
"3027","USREC",2013-04-01,0
"3028","USREC",2013-05-01,0
"3029","USREC",2013-06-01,0
"3030","USREC",2013-07-01,0
"3031","USREC",2013-08-01,0
"3032","USREC",2013-09-01,0
"3033","USREC",2013-10-01,0
"3034","USREC",2013-11-01,0
"3035","USREC",2013-12-01,0
"3036","USREC",2014-01-01,0
"3037","USREC",2014-02-01,0
"3038","USREC",2014-03-01,0
"3039","USREC",2014-04-01,0
"3040","USREC",2014-05-01,0
"3041","USREC",2014-06-01,0
"3042","USREC",2014-07-01,0
"3043","USREC",2014-08-01,0
"3044","USREC",2014-09-01,0
"3045","USREC",2014-10-01,0
"3046","USREC",2014-11-01,0
"3047","USREC",2014-12-01,0
"3048","USREC",2015-01-01,0
"3049","USREC",2015-02-01,0
"3050","USREC",2015-03-01,0
"3051","USREC",2015-04-01,0
"3052","USREC",2015-05-01,0
"3053","USREC",2015-06-01,0
"3054","USREC",2015-07-01,0
"3055","USREC",2015-08-01,0
"3056","USREC",2015-09-01,0
"3057","USREC",2015-10-01,0
"3058","USREC",2015-11-01,0
"3059","USREC",2015-12-01,0
"3060","USREC",2016-01-01,0
"3061","USREC",2016-02-01,0
"3062","USREC",2016-03-01,0
"3063","USREC",2016-04-01,0
"3064","USREC",2016-05-01,0
"3065","USREC",2016-06-01,0
"3066","USREC",2016-07-01,0
"3067","USREC",2016-08-01,0
"3068","USREC",2016-09-01,0
"3069","USREC",2016-10-01,0
"3070","USREC",2016-11-01,0
"3071","USREC",2016-12-01,0
"3072","USREC",2017-01-01,0
"3073","USREC",2017-02-01,0
"3074","USREC",2017-03-01,0
"3075","USREC",2017-04-01,0
"3076","USREC",2017-05-01,0
"3077","USREC",2017-06-01,0
"3078","USREC",2017-07-01,0
"3079","USREC",2017-08-01,0
"3080","USREC",2017-09-01,0
"3081","USREC",2017-10-01,0
"3082","USREC",2017-11-01,0
"3083","USREC",2017-12-01,0
"3084","USREC",2018-01-01,0
"3085","USREC",2018-02-01,0
"3086","USREC",2018-03-01,0
"3087","USREC",2018-04-01,0
"3088","USREC",2018-05-01,0
"3089","USREC",2018-06-01,0
"3090","USREC",2018-07-01,0
"3091","USREC",2018-08-01,0
"3092","USREC",2018-09-01,0
"3093","USREC",2018-10-01,0
"3094","USREC",2018-11-01,0
"3095","USREC",2018-12-01,0
"3096","USREC",2019-01-01,0
"3097","USREC",2019-02-01,0
"3098","USREC",2019-03-01,0
"3099","USREC",2019-04-01,0
"3100","USREC",2019-05-01,0
"3101","USREC",2019-06-01,0
"3102","USREC",2019-07-01,0
"3103","USREC",2019-08-01,0
"3104","USREC",2019-09-01,0
"3105","USREC",2019-10-01,0
"3106","USREC",2019-11-01,0
"3107","USREC",2019-12-01,0
"3108","USREC",2020-01-01,0
"3109","USREC",2020-02-01,0
"3110","USREC",2020-03-01,1
"3111","USREC",2020-04-01,1
"3112","USREC",2020-05-01,0
"3113","USREC",2020-06-01,0
"3114","USREC",2020-07-01,0
"3115","USREC",2020-08-01,0
"3116","USREC",2020-09-01,0
"3117","USREC",2020-10-01,0
"3118","USREC",2020-11-01,0
"3119","USREC",2020-12-01,0
"3120","USREC",2021-01-01,0
"3121","USREC",2021-02-01,0
"3122","USREC",2021-03-01,0
"3123","USREC",2021-04-01,0
"3124","USREC",2021-05-01,0
"3125","USREC",2021-06-01,0
"3126","USREC",2021-07-01,0
"3127","USREC",2021-08-01,0
"3128","USREC",2021-09-01,0
"3129","USREC",2021-10-01,0
"3130","USREC",2021-11-01,0
"3131","USREC",2021-12-01,0
"3132","USREC",2022-01-01,0
"3133","USREC",2022-02-01,0
"3134","USREC",2022-03-01,0
"3135","USREC",2022-04-01,0
"3136","USREC",2022-05-01,0
"3137","USREC",2022-06-01,0
"3138","USREC",2022-07-01,0
"3139","USREC",2022-08-01,0
"3140","USREC",2022-09-01,0
"3141","USREC",2022-10-01,0
"3142","USREC",2022-11-01,0
"3143","USREC",2022-12-01,0
"3144","USREC",2023-01-01,0
"3145","USREC",2023-02-01,0
"3146","USREC",2023-03-01,0
"3147","USREC",2023-04-01,0
"3148","USREC",2023-05-01,0
"3149","USREC",2023-06-01,0
"3150","USREC",2023-07-01,0
"3151","USREC",2023-08-01,0
"3152","USREC",2023-09-01,0
"3153","USREC",2023-10-01,0
"3154","USREC",2023-11-01,0
"3155","USREC",2023-12-01,0
"3156","USREC",2024-01-01,0
"3157","USREC",2024-02-01,0
